标题,作者,浏览,收藏
挪威青花鱼‼️居酒屋烤青花鱼,四叶草jkyc,3068,88
#让宝贝爱上每一顿饭#凉拌鸡丝,🌸香香🌸,1.9万,511
#珍选捞汁 健康轻食季#珍选捞汁皮蛋,芠泺,2.0万,1023
古法酸梅汤,豆粉400120,1.5万,475
自制夏日饮品‼️话梅柠檬水,Linda食记,1.9万,839
#珍选捞汁 健康轻食季#蛋黄鲜肉粽,优优hao七呀,1.5万,563
#东古525掌勺节#家庭版烤鱼,朱爱凝,3.3万,1964
#确幸即“莓”好 让生活“蔓”下来#朱砂痣——夏日特调冰饮,天蝎座小菜姬,2.5万,1381
咸鸭蛋的腌制方法‼️这样做个个翻沙流油,爱做饭的筱雅,6176,127
#珍选捞汁 健康轻食季#夏日减重捞汁大拌菜,阳春白雪小食光,3.0万,1833
#向往的生活 就是外婆乡#自制葱油,503飞啊,3.3万,2012
家常太安鱼,煊玥妈,6974,391
麻辣手撕鸡（微辣版）,酒酿圆子很认真,4708,143
荔枝酸奶串串冰自制雪糕diy,小枫糖的魔法森林,2.6万,1868
#确幸即“莓”好 让生活“蔓”下来#蔓越莓水晶饼,水之眸,1.5万,493
#确幸即“莓”好 让生活“蔓”下来#蔓越莓红烧肉,瑗瑗baby,3.1万,1675
砂锅大虾煲#让宝贝爱上每一顿饭#,减肥路太长,1.7万,661
芦兜粽,大海中飞翔的燕子,9496,462
#本周热榜#翡翠开背虾,阳光明媚99,2.9万,2068
#让宝贝爱上每一顿饭#照烧鸡腿饭,秋天的红叶_67398,1.5万,470
#珍选捞汁 健康轻食季#捞汁酸辣生腌虾,布丁豆丁妈,4.2万,2494
捞汁鸡骨架,瑾瑜🐠,1.9万,703
#珍选捞汁 健康轻食季#凤尾西芹,小鱼哥的私房,3.1万,1685
#确幸即“莓”好 让生活“蔓”下来#蔓越莓冰粉,妖妖~,2.8万,1434
咸鸭蛋的腌制方法‼️这样做个个翻沙流油,爱做饭的筱雅,5410,111
#珍选捞汁 健康轻食季#夏日减重捞汁大拌菜,阳春白雪小食光,2.2万,1508
#向往的生活 就是外婆乡#自制葱油,503飞啊,2.5万,1662
家常太安鱼,煊玥妈,5776,336
麻辣手撕鸡（微辣版）,酒酿圆子很认真,4070,121
荔枝酸奶串串冰自制雪糕diy,小枫糖的魔法森林,2.0万,1556
#确幸即“莓”好 让生活“蔓”下来#蔓越莓水晶饼,水之眸,1.2万,397
#确幸即“莓”好 让生活“蔓”下来#蔓越莓红烧肉,瑗瑗baby,2.4万,1381
砂锅大虾煲#让宝贝爱上每一顿饭#,减肥路太长,1.4万,554
芦兜粽,大海中飞翔的燕子,7737,382
牛的装饰——烤饼（2）#确幸即“l莓”好 .、活“蔓”下来#,瑞雪兆丰年💖💖,797,41
#本周热榜#翡翠开背虾,阳光明媚99,2.1万,1702
#让宝贝爱上每一顿饭#照烧鸡腿饭,秋天的红叶_67398,1.3万,400
#珍选捞汁 健康轻食季#捞汁酸辣生腌虾,布丁豆丁妈,3.2万,2056
捞汁鸡骨架,瑾瑜🐠,1.8万,685
#珍选捞汁 健康轻食季#凤尾西芹,小鱼哥的私房,2.4万,1387
#确幸即“莓”好 让生活“蔓”下来#蔓越莓冰粉,妖妖~,2.2万,1190
轻食高蛋白晚餐香煎三文鱼,C-克里斯汀,4088,176
#珍选捞汁 健康轻食季#巨好吃的凉拌椒麻酸辣双脆,草莓奶昔冰,3.4万,2039
#珍选捞汁 健康轻食季#快手捞汁凤爪,七月荷花,4.1万,2606
芒果椰麦酸奶杯,大润小厨,1.3万,947
#向往的生活 就是外婆乡#下饭菜酸辣土豆丝,阳春白雪小食光,2.8万,1469
#忽而夏至 清凉一夏#醋拌水果,Hxj0102,1.8万,629
#珍选捞汁 健康轻食季#捞汁花甲,乐食记,4.5万,2835
#珍选捞汁 健康轻食季#黄瓜拌皮蛋,我是小燕啊,2.8万,1114
#珍选捞汁 健康轻食季#凉拌青瓜小海鲜,kaka是天秤座超级无敌美少女,2.9万,1088
#珍选捞汁 健康轻食季#捞汁小海鲜,京伶爱家,5.6万,3736
自制酱菜,快乐小厨丹丹,6071,381
海参莲藕排骨汤,牧葵小厨娘,8250,780
蒜蓉花甲粉丝煲,新仔吃不胖,8239,738
#向往的生活 就是外婆乡#红烧鳊鱼  汤汁浓稠 鱼肉鲜嫩,快乐每一天lxku,4.5万,3460
香橙芒芒冰茶,果妈私房菜,3.7万,2671
三色鸡肉盖饭,个性胜过姿色,1.8万,1206
#向往的生活 就是外婆乡#蟹味菇滑炒丝瓜条,岁月静好310w,4.1万,1794
#向往的生活 就是外婆乡# 天热就想吃这菜，随手一拌就上桌,大海微澜,6.4万,3136
快手美味#玫瑰酒酿凉粉,太太乐鲜味厨房,3.0万,1013
茄子炒毛豆,牙医的烦恼,8036,441
#确幸即“莓”好 让生活“蔓”下来#蔓越莓冰气泡水,向往的贝很啰里啰嗦,3.4万,1322
把莴笋做成吃不起的样子——凉拌莴笋,鼹鼠的暖窝窝,4.6万,2299
碧根果蛋黄猪肉竹筒粽,*star丶时光,1.1万,715
鸡肉芝士烤茄子，夏日夜宵就吃它 #忽而夏至 清凉一夏#,秋食爱吃饭,5.3万,3092
菠菜卷,悦儿（关毅）,9395,632
#向往的生活 就是外婆乡#素鸡芹菜小炒,花好月圆128,5.7万,3503
#向往的生活 就是外婆乡#上汤干丝,爱家爱娃爱美食,4.9万,2516
鸡肉炖蘑菇,花好月圆128,5.9万,3493
#确幸即“莓”好 让生活“蔓”下来#蔓越莓香蕉奶昔,爱家爱娃爱美食,5.3万,3815
#向往的生活 就是外婆乡#高汤鳝鱼,阳光之美食,3.6万,1237
#向往的生活 就是外婆乡#辣椒炒鹿茸菇,西蘭,4.3万,1596
#让宝贝爱上每一顿饭#老爆三,石榴树2008,3.9万,1498
#向往的生活 就是外婆乡#拔丝地瓜,wiwiwi,4.1万,1631
"蓝莓桑葚乳酪贝果
香迷糊了 越嚼越香",禹彤烘焙,2.2万,934
辣椒炒毛豆籽,爱家爱娃爱美食,4.7万,1880
芹菜炒粉,海棠嘉子,3960,81
#东古525掌勺节#榨菜肉丝炒香干,爱家爱娃爱美食,4.2万,1671
#珍选捞汁 健康轻食季#剁椒鱼头,Maevis菠萝🍍,5.5万,2337
#珍选捞汁 健康轻食季#捞汁大杂烩,薯条沾腐乳,5.6万,2369
土豆烧排骨,Ann小叶子,1.5万,634
#忽而夏至 清凉一夏#炒合菜,爱生活的糯米糍儿,3.4万,1005
#向往的生活 就是外婆乡#炒合菜,爱生活的糯米糍儿,2.4万,769
#向往的生活 就是外婆乡#土豆炒肉丝,薯条沾腐乳,4.6万,1839
非常简单易学好吃的猪脚,难过的贻贝很复杂,7896,316
轻食彩虹沙拉,张吻吻,5031,164
青椒炒肉3分钟完成,难过的贻贝很复杂,9214,380
张氏懒人小炒肉,失落的甘蔗很雾蒙蒙,1.1万,458
#向往的生活 就是外婆乡#家的味道减油的蒜苗手工牛肉丸,美食美色亲子🥗食记🥗,3.4万,1172
#确幸即“莓”好 让生活“蔓”下来#“莓”味酸甜巧克力球,北纬yhz,4.8万,1892
#珍选捞汁 健康轻食季#捞汁藕片,JUJURAI,3.6万,1228
剁椒牛肉是真的香得嘞！牛肉又嫩又香辣下饭！嘎嘎香哇！,杰桑家常菜食堂,2.4万,286
#向往的生活 就是外婆乡#椒盐鱼鳞,阳光之美食,2.8万,857
#珍选捞汁 健康轻食季#珍选捞汁牛肉,吃货小Y歪,2.9万,981
#向往的生活 就是外婆乡#番茄丝瓜鸡蛋面,虫懒懒,5.4万,2114
孩子最馋的葱香蛋米饼,紫绫罗,6.3万,2549
#珍选捞汁 健康轻食季#快手捞汁凤爪,七月荷花,4.7万,2817
芒果椰麦酸奶杯,大润小厨,1.4万,977
#向往的生活 就是外婆乡#下饭菜酸辣土豆丝,阳春白雪小食光,3.2万,1586
#忽而夏至 清凉一夏#醋拌水果,Hxj0102,2.2万,757
#珍选捞汁 健康轻食季#捞汁花甲,乐食记,4.9万,2966
五花肉炒酸菜粉皮 酸菜炒粉皮,大麦～^_^的人间烟火,2.4万,814
#珍选捞汁 健康轻食季#掉秤菜|脆辣酸爽的捞汁藕片,不负筱食光,5.6万,2993
#珍选捞汁 健康轻食季#捞汁时蔬,乐食记,4.9万,2857
凉拌毛豆,牙医的烦恼,3606,229
#珍选捞汁 健康轻食季#捞汁西葫,优雅的长围巾,3.3万,2255
#向往的生活 就是外婆乡#蒜苔炒五花,霖的吃货铺,4.2万,3779
#忽而夏至 清凉一夏#酸甜排骨,喵酱≧∇≦,2.3万,1010
#珍选捞汁 健康轻食季#珍选魔芋大虾,爱家爱娃爱美食,4.8万,4162
肉松蛋糕卷,营养师红姐,5983,466
#忽而夏至 清凉一夏#杨梅冰粉小汤圆,想飞的鱼（薇·甜品）,4.6万,3675
#美国开心果快乐食光#开心果香蕉奶昔,我是小燕啊,2.7万,1274
火腿猪肉水果玉米,大反派*蝉鸣,1.0万,652
#美国开心果快乐食光#坚果红糖木莲冻,我是小燕啊,3.0万,1459
#向往的生活 就是外婆乡#佛手瓜片炒鸡蛋,岁月静好310w,4.9万,3887
牛肉炖土豆，这做法绝了,鑫妈觅食记,9546,738
#向往的生活 就是外婆乡#紫苏炒苦瓜,阳光之美食,2.2万,1001
#珍选捞汁 健康轻食季#捞汁猪舌,我是小燕啊,2.4万,830
#珍选捞汁 健康轻食季#黄瓜拌皮蛋,我是小燕啊,2.5万,1011
#珍选捞汁 健康轻食季#凉拌青瓜小海鲜,kaka是天秤座超级无敌美少女,2.5万,969
#珍选捞汁 健康轻食季#黄瓜拌皮蛋,我是小燕啊,2.5万,1011
#珍选捞汁 健康轻食季#凉拌青瓜小海鲜,kaka是天秤座超级无敌美少女,2.5万,969
#珍选捞汁 健康轻食季#捞汁小海鲜,京伶爱家,5.3万,3646
自制酱菜,快乐小厨丹丹,5919,381
海参莲藕排骨汤,牧葵小厨娘,8102,780
蒜蓉花甲粉丝煲,新仔吃不胖,8061,737
#向往的生活 就是外婆乡#红烧鳊鱼  汤汁浓稠 鱼肉鲜嫩,快乐每一天lxku,4.2万,3375
香橙芒芒冰茶,果妈私房菜,3.7万,2671
三色鸡肉盖饭,个性胜过姿色,1.8万,1206
#向往的生活 就是外婆乡#蟹味菇滑炒丝瓜条,岁月静好310w,3.7万,1666
#向往的生活 就是外婆乡# 天热就想吃这菜，随手一拌就上桌,大海微澜,6.0万,3013
快手美味#玫瑰酒酿凉粉,太太乐鲜味厨房,2.7万,890
茄子炒毛豆,牙医的烦恼,7884,441
#确幸即“莓”好 让生活“蔓”下来#蔓越莓冰气泡水,向往的贝很啰里啰嗦,3.1万,1211
把莴笋做成吃不起的样子——凉拌莴笋,鼹鼠的暖窝窝,4.3万,2199
碧根果蛋黄猪肉竹筒粽,*star丶时光,1.1万,715
鸡肉芝士烤茄子，夏日夜宵就吃它 #忽而夏至 清凉一夏#,秋食爱吃饭,5.1万,3007
菠菜卷,悦儿（关毅）,9245,632
#向往的生活 就是外婆乡#素鸡芹菜小炒,花好月圆128,5.3万,3407
#向往的生活 就是外婆乡#上汤干丝,爱家爱娃爱美食,4.5万,2394
鸡肉炖蘑菇,花好月圆128,5.5万,3374
#确幸即“莓”好 让生活“蔓”下来#蔓越莓香蕉奶昔,爱家爱娃爱美食,5.0万,3701
#向往的生活 就是外婆乡#高汤鳝鱼,阳光之美食,3.3万,1123
#向往的生活 就是外婆乡#辣椒炒鹿茸菇,西蘭,4.0万,1502
韭苔蒸包子,瑞雪兆丰年💖💖,4.5万,1670
一锅三出卤味+杂粮饭+蛋羹,眉眉健康厨房,3.7万,1693
马齿苋野菜饼,谩摘青梅尝煮酒，旋煎白雪试新茶,8593,382
#珍选捞汁 健康轻食季#捞汁秋葵,四叶草jkyc,3.3万,1077
#珍选海鲜捞汁 健康轻食季#快手版捞汁小海鲜,Sling0805,5553,222
孜然鸡肉烩土豆,安以笙,2.0万,867
#珍选捞汁 健康轻食季#黄瓜拌皮蛋,姜总管,3.6万,1194
#珍选捞汁 健康轻食季#捞汁荞麦冷面,明都花园,3.6万,1218
#珍选捞汁 健康轻食季#捞汁秋葵,芠泺,4.0万,1468
香菜拌肥牛,阿末的美食日记m,4.9万,1955
夏日清爽来一杯 樱花之夏鸡尾酒,温和的杏鲍菇很易碎,4999,196
#珍选捞汁 健康轻食季#拌凉皮,慌慌张张的虱目鱼很皱巴巴,2.9万,963
#确幸即“莓”好 让生活“蔓”下来#蔓越莓全麦面包,妖妖~,5.5万,2136
#珍选捞汁 健康轻食季#捞汁海鲜大虾,鹃姿,3.0万,1029
#珍选捞汁 健康轻食季#捞汁沙拉,鱼日小厨,7.1万,3428
#珍选捞汁 健康轻食季#捞汁鱼丸蔬菜,鹃姿,4.0万,1370
#东古525掌勺节#紫甘蓝炒肉丝,薯条沾腐乳,6.8万,3318
#向往的生活 就是外婆乡#外婆乡向往牛鲍土豆,涓涓小溪长流水,3.6万,1340
#珍选捞汁 健康轻食季#捞汁秋葵,蜜斯Ann的厨房日记,4.7万,1851
酥炸豆腐肉丸子,心清似水淡若云,4.6万,1853
饲养员日记,醉清风rewq,9017,435
#让宝贝爱上每一顿饭#肉肠蛋饼汉堡,JUJURAI,4.4万,1698
#向往的生活 就是外婆乡#清蒸口蘑酿肉,蜜蜂食坊,6.9万,3534
可爱柴犬咖啡，一步步教你成功哟,鱼菲,1.4万,830
麻辣黄瓜,吃霸谁敢娶,8606,490
茶油姜丝炒鸡腿,爱吃的彬彬,3559,124
葱烧鸡翅,勤快懒妈,2.0万,1133
火腿腐乳拿铁，别问！问就是好喝‼,鱼菲,3.0万,1968
#珍选捞汁 健康轻食季#口味别致的捞汁鹌鹑蛋冬瓜球,岁月静好310w,4.4万,1893
简单详细版三明治,槿兮爱美食,3.6万,2337
爽口冷面,东味西厨,7683,409
#确幸即“莓”好 让生活“蔓”下来#蔓越莓青柠气泡水,清幽梅花2,5.6万,1869
捞汁海鲜素菜拼盘,Mmmint薄荷,4.2万,1544
#向往的生活 就是外婆乡#家常菜/青椒炒鱼片,吴妈厨房,5.7万,2479
芥末茼蒿#忽而夏至 清凉一夏#,无毒罂粟,3.5万,1114
#珍选捞汁 健康轻食季#低卡零脂低成本捞汁蔬菜,魔女～柒柒,4.6万,1263
青椒炒肉,Pingco,3963,132
捞汁小海鲜,彭豆美食,5.5万,1226
杨梅荔枝饮,小不点的Diy,3830,111
蒸曲曲菜,虑慧,8082,349
咸肉虾皮冬瓜汤,酒酿圆子很认真,1.1万,559
#让宝贝爱上每一顿饭#土豆焖虾,Angelababy  ,3.8万,1277
川北凉粉,jacky0314,2.1万,519
#向往的生活 就是外婆乡#小炒猪颈肉,泣哥儿的厨房故事,4.2万,1612
凉拌捞汁黄瓜,云水禅心lulesy,7112,312
#让宝贝爱上每一顿饭#豆干炒肉片,Angelababy  ,3.9万,1241
#珍选捞汁 健康轻食季#捞汁海鲜,章小胖zxp,4.1万,1418
#向往的生活 就是外婆乡#香菜拌牛肉,薯条沾腐乳,7.4万,3440
夏日必备~捞汁内酯豆腐松花蛋,辰辰妈dg,7.2万,2796
简单好喝的夏日解暑糖水，马蹄爽/马蹄露，香滑又清甜，还有一粒,洲星食品,8598,294
软萌可爱雪媚娘粽子,米白厨房,4.1万,1827
手撕鸡 | 鸡肉嫩滑，蔬菜爽脆，百吃不厌,安冉An,3.1万,984
#向往的生活 就是外婆乡#咖喱鸡肉饭,朦胧的洛神花gmlc,3.9万,1246
枇杷雪梨银耳羹【宝宝辅食】,宝宝辅食达人原创,1.6万,686
#忽而夏至 清凉一夏#丝瓜鸡蛋面,王晓满,6.9万,2398
#向往的生活 就是外婆乡#糖醋排骨,糖小田yuan,6.0万,2210
#珍选捞汁 健康轻食季#捞汁鸡胗,妞妞妈美食,5.5万,2044
#确幸即“莓”好 让生活“蔓”下来#蔓越莓坚果磅蛋糕,妞妞妈美食,4.6万,1580
#向往的生活 就是外婆乡#香酥美味炸鸡腿,小葵姥姥,4.6万,1630
老式咸奶油杏仁蛋糕,Summer🍀🍀,7232,233
#珍选捞汁 健康轻食季#脆嫩爽口捞汁秋葵,阿冒冒原创美食,5.1万,1800
【巧克力梦龙雪糕】——特浓巧克力，无蛋黄版,小施姐姐,2.0万,768
鸡蛋水饼,醉色红颜,8009,262
#珍选捞汁 健康轻食季#不怕胖的蔬菜沙拉,安冉An,4.3万,1407
复刻下终南山峪口里的农家美食~浆水菜炒煎饼,小馋食光,4.2万,1409
酸辣甜肠胡瓜粒,sure汪,3.7万,1788
辣味肉松贝果,面包和酱,7617,311
#向往的生活 就是外婆乡#麻辣小龙虾,一笑＆而过,6.3万,2412
#向往的生活 就是外婆乡#金不换炒石螺（田螺）,铧发妈,6.7万,2659
#珍选捞汁 健康轻食季#捞汁小海鲜,简单love1236,3.1万,956
夏日限定美味——捞汁虾虾#东古525掌勺节#,水之眸,3.7万,1243
捞汁凉面,乐食尚,3.1万,942
豆沙包,快乐小厨丹丹,7466,300
白菜虾汤#让宝贝爱上每一顿饭#,豆粉厨娘dj萍姐,3.6万,1118
鸡丝凉面,天蝎座小菜姬,6.6万,2593
韭苔蒸包子,瑞雪兆丰年💖💖,5.0万,1823
一锅三出卤味+杂粮饭+蛋羹,眉眉健康厨房,3.7万,1693
马齿苋野菜饼,谩摘青梅尝煮酒，旋煎白雪试新茶,8767,382
#珍选捞汁 健康轻食季#捞汁秋葵,四叶草jkyc,3.8万,1228
#珍选海鲜捞汁 健康轻食季#快手版捞汁小海鲜,Sling0805,5741,222
孜然鸡肉烩土豆,安以笙,2.0万,867
#珍选捞汁 健康轻食季#黄瓜拌皮蛋,姜总管,4.1万,1370
#珍选捞汁 健康轻食季#捞汁荞麦冷面,明都花园,4.0万,1357
#珍选捞汁 健康轻食季#捞汁秋葵,罗小厨的菜,4.4万,1592
香菜拌肥牛,阿末的美食日记m,5.2万,1971
夏日清爽来一杯 樱花之夏鸡尾酒,温和的杏鲍菇很易碎,5164,196
#珍选捞汁 健康轻食季#拌凉皮,慌慌张张的虱目鱼很皱巴巴,3.4万,1119
#确幸即“莓”好 让生活“蔓”下来#蔓越莓全麦面包,妖妖~,6.0万,2307
#珍选捞汁 健康轻食季#捞汁海鲜大虾,鹃姿,3.5万,1154
#珍选捞汁 健康轻食季#捞汁沙拉,鱼日小厨,7.6万,3607
#珍选捞汁 健康轻食季#捞汁鱼丸蔬菜,鹃姿,4.6万,1548
#东古525掌勺节#紫甘蓝炒肉丝,薯条沾腐乳,7.3万,3487
#向往的生活 就是外婆乡#外婆乡向往牛鲍土豆,涓涓小溪长流水,4.0万,1455
#珍选捞汁 健康轻食季#捞汁秋葵,蜜斯Ann的厨房日记,5.3万,2006
酥炸豆腐肉丸子,心清似水淡若云,5.1万,1997
饲养员日记,醉清风rewq,9196,435
#让宝贝爱上每一顿饭#肉肠蛋饼汉堡,JUJURAI,5.0万,1867
#向往的生活 就是外婆乡#清蒸口蘑酿肉,蜜蜂食坊,7.4万,3684
可爱柴犬咖啡，一步步教你成功哟,鱼菲,1.4万,830
麻辣黄瓜,吃霸谁敢娶,8843,490
茶油姜丝炒鸡腿,爱吃的彬彬,3822,124
葱烧鸡翅,勤快懒妈,2.0万,1133
火腿腐乳拿铁，别问！问就是好喝‼,鱼菲,3.0万,1968
#珍选捞汁 健康轻食季#口味别致的捞汁鹌鹑蛋冬瓜球,岁月静好310w,4.9万,2034
简单详细版三明治,槿兮爱美食,3.6万,2337
爽口冷面,东味西厨,8008,409
#确幸即“莓”好 让生活“蔓”下来#蔓越莓青柠气泡水,清幽梅花2,6.3万,2081
捞汁海鲜素菜拼盘,Mmmint薄荷,4.7万,1708
#向往的生活 就是外婆乡#家常菜/青椒炒鱼片,吴妈厨房,6.4万,2683
芥末茼蒿#忽而夏至 清凉一夏#,无毒罂粟,4.1万,1278
#珍选捞汁 健康轻食季#低卡零脂低成本捞汁蔬菜,魔女～柒柒,5.2万,1431
青椒炒肉,Pingco,4188,132
捞汁小海鲜,彭豆美食,6.2万,1387
杨梅荔枝饮,小不点的Diy,4093,111
蒸曲曲菜,虑慧,8367,349
咸肉虾皮冬瓜汤,酒酿圆子很认真,1.1万,559
#让宝贝爱上每一顿饭#土豆焖虾,Angelababy  ,4.3万,1429
川北凉粉,jacky0314,2.5万,523
#向往的生活 就是外婆乡#小炒猪颈肉,泣哥儿的厨房故事,4.7万,1754
凉拌捞汁黄瓜,云水禅心lulesy,7377,312
#珍选捞汁 健康轻食季#口味别致的捞汁鹌鹑蛋冬瓜球,岁月静好310w,5.2万,2109
简单详细版三明治,槿兮爱美食,3.6万,2337
爽口冷面,东味西厨,8046,409
#确幸即“莓”好 让生活“蔓”下来#蔓越莓青柠气泡水,清幽梅花2,6.6万,2190
捞汁海鲜素菜拼盘,Mmmint薄荷,4.9万,1792
#向往的生活 就是外婆乡#家常菜/青椒炒鱼片,吴妈厨房,6.7万,2786
芥末茼蒿#忽而夏至 清凉一夏#,无毒罂粟,4.4万,1358
#珍选捞汁 健康轻食季#低卡零脂低成本捞汁蔬菜,魔女～柒柒,5.5万,1517
青椒炒肉,Pingco,4224,132
捞汁小海鲜,彭豆美食,6.5万,1468
杨梅荔枝饮,小不点的Diy,4128,111
蒸曲曲菜,虑慧,8417,349
咸肉虾皮冬瓜汤,酒酿圆子很认真,1.1万,559
#让宝贝爱上每一顿饭#土豆焖虾,Angelababy  ,4.6万,1502
川北凉粉,jacky0314,2.5万,524
#向往的生活 就是外婆乡#小炒猪颈肉,泣哥儿的厨房故事,5.0万,1818
凉拌捞汁黄瓜,云水禅心lulesy,7409,312
#让宝贝爱上每一顿饭#豆干炒肉片,Angelababy  ,4.8万,1515
#珍选捞汁 健康轻食季#捞汁海鲜,章小胖zxp,5.0万,1671
#向往的生活 就是外婆乡#香菜拌牛肉,薯条沾腐乳,8.1万,3632
杨梅荔枝饮，复刻宫廷夏日饮 #忽而夏至 清凉一夏#,秋食爱吃饭,5.6万,2212
蒜炒河虾，简单入味,臭屁雯她爸,8013,379
#珍选捞汁 健康轻食季#捞汁双菇,薯条沾腐乳,6.6万,3048
#向往的生活 就是外婆乡#麻婆豆腐,优雅的长围巾,6.8万,2831
香肠碱水面包,茉兰周周,2.3万,2686
炒酸奶,四叶草jkyc,2.2万,522
Kiri®奶酪蘸酱麻薯,Kiri凯芮,4696,200
#确幸即“莓”好 让生活“蔓”下来# 蔓越莓薏仁龟苓膏,火镀红叶,4.1万,1365
#珍选捞汁 健康轻食季#捞汁毛豆,吴侬软语0,4.6万,1572
#珍选捞汁 健康轻食季#捞汁带鱼,霖的吃货铺,5.2万,2855
#东古525掌勺节#凉面,乐思小厨,5.6万,2233
盐渍樱花玫瑰气泡水,云朵面包zx,2.3万,2449
#珍选捞汁 健康轻食季#捞汁素什锦,美食妃英理,7.2万,3633
馥郁杨梅妃子饮,小芡儿爱美食,2.5万,558
小时候我妈经常做的家常菜地瓜粉茄子煎,爱做饭的筱雅,9985,416
肉肠鸡蛋饼,JUJURAI,6.0万,2243
黄瓜卷,芷霓Jennie,1.8万,1058
凉拌时蔬牛排#珍选捞汁 健康轻食季#,心享食诚,4.9万,1822
涝汁鲜虾荞麦面,灯火阑珊714,5.6万,2055
#珍选捞汁 健康轻食季#鸡胸肉捞汁沙拉,JUJURAI,6.0万,2215
#珍选捞汁 健康轻食季#捞汁鲜虾,鬼娘只想吃吃喝喝涂涂画画,4.9万,1605
猫爪奶冻酸奶杯,小枫糖的魔法森林,2.5万,1722
简易少冰-旺仔牛奶冰激凌,えんひん©,1.2万,607
西瓜爆柠茶,果妈私房菜,2.3万,1591
荔樱白月光茶饮,严小姐手工坊,1.0万,589
#珍选捞汁 健康轻食季#快手凉面,漫时光😇,4.7万,1520
#向往的生活 就是外婆乡#口味虾,四毛家的小窝,6.8万,3278
#确幸即“莓”好 让生活“蔓”下来#双莓薄柠冰凉饮,懿依坊,7.9万,3873
盐渍樱花玫瑰气泡水,云朵面包zx,2.3万,2449
#珍选捞汁 健康轻食季#捞汁素什锦,美食妃英理,7.5万,3742
馥郁杨梅妃子饮,小芡儿爱美食,2.6万,558
小时候我妈经常做的家常菜地瓜粉茄子煎,爱做饭的筱雅,1.0万,416
肉肠鸡蛋饼,JUJURAI,6.3万,2352
黄瓜卷,芷霓Jennie,1.8万,1058
凉拌时蔬牛排#珍选捞汁 健康轻食季#,心享食诚,5.2万,1892
涝汁鲜虾荞麦面,灯火阑珊714,5.9万,2144
#珍选捞汁 健康轻食季#鸡胸肉捞汁沙拉,JUJURAI,6.3万,2305
#珍选捞汁 健康轻食季#捞汁鲜虾,鬼娘只想吃吃喝喝涂涂画画,5.2万,1687
猫爪奶冻酸奶杯,小枫糖的魔法森林,2.5万,1722
简易少冰-旺仔牛奶冰激凌,えんひん©,1.2万,607
西瓜爆柠茶,果妈私房菜,2.3万,1591
荔樱白月光茶饮,严小姐手工坊,1.0万,589
#珍选捞汁 健康轻食季#快手凉面,漫时光😇,4.9万,1590
#向往的生活 就是外婆乡#口味虾,四毛家的小窝,7.1万,3354
#确幸即“莓”好 让生活“蔓”下来#双莓薄柠冰凉饮,懿依坊,8.1万,3956
提拉米苏,小猪的一日三餐,1.5万,1026
巴斯克芝士蛋糕（奶酪片快手版）,sinyolove,8615,457
Kiri®芝芝芭乐,Kiri凯芮,4930,140
轻食古风桃子饭,C-克里斯汀,7790,407
风琴土豆 | 两块钱的土豆，烧烤店的味道，都给我去做,安冉An,7.5万,3445
快手低脂 捞汁双丝#珍选捞汁 健康轻食季#,Hui食,7.1万,2884
#确幸即“莓”好 让生活“蔓”下来#蔓越莓紫甘蓝叉烧沙拉,美食美色亲子🥗食记🥗,6.2万,2518
蒜香龙利鱼,谩摘青梅尝煮酒，旋煎白雪试新茶,1.2万,740
轻食全午餐,C-克里斯汀,6702,306
#珍选捞汁 健康轻食季#捞汁八爪鱼,喜洋洋717,7.6万,3384
#向往的生活 就是外婆乡#清炒嫩南瓜丝,阳光之美食,6.1万,2031
5分钟日系极简早餐味噌鸡肉贝果三明治,Ceci的餐桌_,2.8万,1214
#忽而夏至 清凉一夏#台湾冬瓜茶,NANA的美食工坊,8.6万,3280
酸酸甜甜辣辣凉凉的泰式柠香无骨鸡爪,80后的私厨by楠木的木,4.0万,1810
#珍选捞汁 健康轻食季#捞汁素菜,平安果hcda,10.0万,3390
#珍选捞汁 健康轻食季#海莲花捞汁,阿紫郡主,9.3万,3448
#珍选捞汁 健康轻食季#捞汁素鸡,babyshun2016,7.1万,2405
蔓越莓司康,lrene安妮洁,8.7万,3172
#确幸即“莓”好 让生活“蔓”下来#蔓越莓果冻气泡饮,霖的吃货铺,8.2万,2894
#向往的生活 就是外婆乡#红烧鲈鱼,阳光之美食,5.5万,1688
#忽而夏至 清凉一夏#青菜炒鸡蛋,爱生活的糯米糍儿,5.7万,1741
#珍选捞汁 健康轻食季#捞汁秋葵,爱家爱娃爱美食,9.0万,3351
#珍选捞汁 健康轻食季#捞汁虾仁沙拉,如果_smile,5.9万,1854
#珍选捞汁 健康轻食季#,栗子🌰🌰,6.5万,2027
特色梭子蟹,透破风尘,9710,305
猪肉炖粉条,晓筱家,5.7万,1760
酸辣可口的凉拌茼蒿，我可以吃三大碗饭,安冉An,3.6万,1535
#珍选捞汁 健康轻食季#香辣脆爽巨过瘾|越嚼越香的凉拌鸡胗,不负筱食光,8.7万,3097
#向往的生活 就是外婆乡#想瘦星人的无糖全麦松饼,婧家小厨,9.1万,3372
#向往的生活 就是外婆乡#麻婆豆腐,四毛家的小窝,8.3万,3049
清爽简单又好吃的火腿生菜拌饭,吃好吃的喽aici君,3.4万,1452
#东古525掌勺节#,郑可20,6.7万,2126
#向往的生活 就是外婆乡#酥炸海鱼,糖小田yuan,10.4万,3881
#珍选捞汁 健康轻食季#酸辣柠檬凉拌虾,甜心_老爸,7.9万,2699
想吃蛋挞又想低热量| 试一试低卡红薯燕麦挞,安冉An,2.8万,1159
海鲜合集系列—香辣爆炒海鲜、金银蒜蓉粉丝虾,蓝纹乳酪,8.9万,4909
超超超超清新的柠檬酸奶面包,安琪美食家,1.7万,607
芝士牛奶拉面‼️韩剧同款幸福感爆棚的拉面,安冉An,1.6万,584
#向往的生活 就是外婆乡#腌黄瓜,妞妞妈美食,8.2万,2814
#珍选捞汁 健康轻食季#捞汁秋葵,西蘭,9.1万,3311
牧葵的厨房丨海参蝦茸醸苦瓜,牧葵小厨娘,7723,180
#珍选捞汁 健康轻食季#香煎三文鱼骨,kaka是天秤座超级无敌美少女,6.3万,1934
#向往的生活 就是外婆乡#田园小兔子盖被,虫懒懒,6.9万,2331
蚝仔煎,冰心一壶,6983,182
鲜甜味的虾皮蒲瓜,lost七七,8196,218
咖喱猪排饭,拾味爸爸,1.3万,442
#珍选捞汁 健康轻食季#捞汁小龙虾,日有喜,7.1万,2247
#珍选捞汁 健康轻食季#捞汁毛豆,日有喜,6.5万,1994
蔓越莓绿豆糕,安心小竺,7.4万,2547
坚果奶酪包,拾味爸爸,2.3万,887
杨梅果酱：把不服管教的杨梅做成果酱,小琼郑的美食频道,1.9万,674
珍选捞汁秋葵,米雅2020,4218,87
捞汁鹌鹑蛋葱油拌面,快乐天使乐乐妈,6.0万,1832
夏季时令/红苋菜大馄饨,热汤圆,1.7万,696
#珍选捞汁 健康轻食季#捞汁小海鲜,喜洋洋717,7.5万,2444
#确幸即“莓”好 让生活“蔓”下来#宅家微醺｜蔓越莓自由古巴,归家小厨,6.8万,2186
#向往的生活 就是外婆乡#酸甜开胃｜糖醋菠萝里脊,归家小厨,9.6万,3543
腊肠炒荷兰豆,Angelababy  ,7377,197
#珍选捞汁 健康轻食季#青红椒油炝阿根廷鱿鱼,八鲜过海,9.8万,3567
#珍选捞汁 健康轻食季#白灼娃娃菜,哈密瓜的春天,8.1万,2803
素炒口蘑菇,Angelababy  ,5445,93
#本周热榜#酸甜空心菜,然MM,3.6万,1573
#东古525掌勺节#一品鲜清蒸鸦片鱼头,安心小竺,8.4万,2829
#忽而夏至 清凉一夏#XO酱,爱美食的拉拉,9.2万,3215
蛋黄肉松调理包,益点烘焙,1.1万,376
蓝莓红豆酸奶卷,益点烘焙,5418,92
#忽而夏至 清凉一夏#鱿鱼红烧肉,爱美食的拉拉,8.7万,3055
小炒油菜#忽而夏至 清凉一夏#,阳子爱做饭,6.6万,1991
韭菜鸡蛋蒸饺,念于惜挽起辞,8024,217
黑椒牛肉芝士调理包,益点烘焙,7598,201
腊味煲仔饭(香脆锅巴) #向往的生活 就是外婆乡#,余小西的四季三餐,5.3万,1607
蔓越莓坚果豆浆,爱家爱娃爱美食,8.7万,3001
番茄虾仁霸王花米粉汤,画贝贝,3.3万,1440
#珍选捞汁 健康轻食季#凉拌米豆腐,张小厨厨房,8.4万,2962
#确幸即“莓”好 让生活“蔓”下来#蔓越莓椰香乌米饭团,爱家爱娃爱美食,9.5万,3382
芋泥芝士饼【宝宝辅食】,宝宝辅食达人原创,2.8万,1148
蔓越莓奶片#确幸即“莓”好 让生活“蔓”下来#,Sun_麦麦醬,7.9万,2574
#向往的生活 就是外婆乡#香辣狼牙土豆,wiwiwi,6.8万,2145
轻食早餐柠香三文鱼奶酪法棍,C-克里斯汀,1.1万,367
超入味的豆角焖面,红烧柚柚,9281,286
清炒蘑菇,芹小厨,1.2万,325
#向往的生活 就是外婆乡#薯片脆皮肠,枭笑,7.1万,2248
凉拌牛肉,Ann小叶子,4.0万,1811
#忽而夏至 清凉一夏#杨梅冰粉,王晓满,9.3万,3405
#本周热榜#蒜蓉虾,大方的海蜇很齐全,8357,230
#珍选捞汁 健康轻食季#捞汁鹌鹑蛋,妞妞妈美食,8.5万,2889
#向往的生活 就是外婆乡#炸萝卜丸子,小葵姥姥,8.8万,3105
鱼龙舟,一簇簇的牡丹花很高级,1.7万,672
鲜嫩入味-捞汁腌鸡蛋,布丁豆丁妈,3.9万,1424
#珍选捞汁 健康轻食季#捞汁蔬菜,豆妈maomao,6.0万,1824
#珍选捞汁 健康轻食季#捞汁鲈鱼,yingling7,5.8万,1720
#东古525掌勺节#小猪盖被子（红烧肉）㊙️,以前的胖子，现在的瘦子,9.4万,3342
蔓越莓钵仔糕㊙️,以前的胖子，现在的瘦子,10.5万,3864
#东古525掌勺节#,豆粉厨娘dj萍姐,5.5万,1699
Q弹木薯丸,小颜子菜谱,9860,410
#向往的生活 就是外婆乡#红烧肉,妞妞妈美食,8.1万,2933
红烧肥肠（川味）,家花购,7070,272
#向往的生活 就是外婆乡#小炒肉焖面,Amy在这里,5.6万,1783
#珍选捞汁 健康轻食季#捞汁小海鲜,Amy在这里,7.2万,2655
#珍选捞汁 健康轻食季#解锁黄瓜新吃法～咸蛋黄捞汁黄瓜,阿冒冒原创美食,7.6万,2775
#珍选捞汁 健康轻食季#捞汁蓑衣黄瓜,优雅的长围巾,6.3万,2139
凉拌青瓜海蜇皮,叫我咩咩酱,6.6万,2196
茄酱肉片胡瓜粉,sure汪,3.4万,1600
樟树港辣椒,卡卡美食日记,4447,142
夏日酸黄瓜青椒牛柳 青椒炒牛肉丝 酸咸鲜开胃无敌,大麦～^_^的人间烟火,6.5万,2142
#珍选捞汁 健康轻食季#捞汁花甲,妞妞妈美食,9.2万,3448
捞汁小海鲜,淮北慧子,5.4万,1696
小朋友的凉拌菜,叫我咩咩酱,4.9万,1530
#向往的生活 就是外婆乡#香干炒肉,阳光之美食,5.8万,1908
夏天超清爽好吃的杨枝甘露,是老林啊_Mavis,1.9万,335
热量超低的捞汁拌牛肉,叫我咩咩酱,6.8万,2314
#忽而夏至 清凉一夏#捞汁小海鲜,K一小灶,7.1万,2403
#珍选捞汁 健康轻食季#紫苏猪肉卷,嘉日辰,5.1万,1582
#忽而夏至 清凉一夏#蛤蜊酿虾滑,K一小灶,8.3万,3029
#忽而夏至 清凉一夏#六寸戚风,妖妖~,6.1万,2072
不加一滴水的爆炒乌鸡,琪琪杨,5864,218
樱桃酒,独来独往的喵,8844,352
#向往的生活 就是外婆乡#童年回忆-焦香土豆火腿丁,布丁豆丁妈,7.9万,2761
#珍选捞汁 健康轻食季#捞汁腌萝卜,薄雨维桐,6.0万,1956
#确幸即“莓”好 让生活“蔓”下来#蔓越莓荔枝饮,薯条沾腐乳,8.3万,3135
水蜜桃罐头,果妈私房菜,2.1万,964
小笼包,白开水ly,3.5万,1673
#珍选捞汁 健康轻食季#,朴食素心,5.1万,1568
#向往的生活 就是外婆乡#鲜香滑嫩～葱油鸡,吴妈厨房,7.6万,2815
#珍选捞汁 健康轻食季#鲍鱼香螺捞汁海鲜,🧜🏻‍♀️CooperVV👑,5.9万,1892
#珍选捞汁 健康轻食季#,朴食素心,5.4万,1704
蒜香蜂蜜鸡腿饭,西西米_,1.3万,544
杂粮肉松饭团,林子妈妈,8194,239
#珍选捞汁 健康轻食季#捞汁花甲,JUJURAI,6.3万,2183
#东古525掌勺节#西红柿炒鸡蛋,安心小竺,7.1万,2550
#珍选捞汁 健康轻食季#捞汁黄瓜卷鹌鹑蛋,小枫糖的魔法森林,5.9万,2147
#东古525掌勺节#茄丁炒鸡蛋,爱家爱娃爱美食,7.9万,3269
#珍选捞汁 健康轻食季#凉拌苦瓜,魔镜的妖精,7.6万,2854
#向往的生活 就是外婆乡#青椒炒肉丝,503飞啊,9.5万,4198
#东古525掌勺节#快手绿豆芽,爱家爱娃爱美食,8.1万,3191
凉拌牛千层,鱼家二菇凉,5.9万,1985
虾仁炒西兰花,酒酿圆子很认真,8874,234
西瓜养乐多,眉眉健康厨房,2.9万,1855
麻辣香锅,豆粉4841823432,5148,191
2元钱早餐，香葱鸡蛋饼简易快手早餐。好吃是有秘诀的！,很会搞吃的,6343,272
#向往的生活 就是外婆乡#软炸里脊,蜜蜂食坊,8.2万,3585
#确幸即“莓”好 让生活“蔓”下来#蔓越莓核桃奶油布里奥斯,*star丶时光,7.8万,2919
提拉米苏糯米糍,念心爱美食,1.4万,811
#确幸即“莓”好 让生活“蔓”下来#蔓越莓莲子桃胶炖鲜奶,瑗瑗baby,8.5万,3652
蒜蓉金针菇,酒酿圆子很认真,9862,540
芒果蛋挞,橦橦宝贝,8301,249
#珍选捞汁 健康轻食季#捞汁双菇,黄QQ呀,6.3万,2056
《捞汁莴笋鸡肉》,悠然自得（yrzdwlq）,6.8万,2458
#珍选捞汁 健康轻食季#捞汁金针菇,西蘭,7.1万,2820
#东古525掌勺节#夏日必吃的老家肉丝豆芽焖面,紫绫罗,6.6万,2314
#东古525掌勺节#小阳人可以吃的~清炒土豆丝,小飞侠❤️.,10.0万,4296
爆香黄瓜拌腐竹，低卡又好吃,鑫妈觅食记,8721,348
彩色拌凉皮～,私厨唐唐,7.8万,2686
黄瓜白肉,随心4589,2.1万,300
凉拌菠菜,随心4589,9718,462
豆豉五花肉炒辣椒,随心4589,5850,182
#确幸即“莓”好 让生活“蔓”下来#莓汁杨梅,优雅的长围巾,8.5万,3485
#珍选捞汁 健康轻食季#低脂爆汁捞拌荞麦面藕|低卡低GI,不负筱食光,7.9万,3219
荠荠菜炖土豆条,秋鸽私厨,7579,332
辣椒炒肉,邹、小帅,3.7万,295
泰式鸡肉嘎抛—— 泰美味,conconkoo,8841,420
#向往的生活 就是外婆乡# 香辣蒜香鸡翅，肉嫩多汁！,齐刘海超会吃,6.6万,2192
孜然土豆香肠,瑾瑜🐠,5549,147
特色炒肥肠,透破风尘,1.2万,585
#向往的生活 就是外婆乡#家常菜蚝油生菜 脆嫩爽口碧绿,大麦～^_^的人间烟火,7.8万,2643
#珍选捞汁 健康轻食季#捞汁苦瓜,薯条沾腐乳,7.8万,3164
爆炒土豆球,放飞的猪腰子很啰嗦,1.2万,563
#忽而夏至 清凉一夏#超级适合夏天的神仙拌面|凉拌黄面,不负筱食光,11.6万,4930
#忽而夏至 清凉一夏#日式碎鸡饭,天蝎座小菜姬,7.0万,2637
#向往的生活 就是外婆乡#葱油拌面好吃的关键就是葱油,吴妈厨房,10.1万,4235
臻鲜·辣椒炒火腿肠,臻鲜,1.2万,604
#珍选捞汁 健康轻食季#清爽Q弹捞汁虾,岁月静好310w,10.8万,4676
#珍选捞汁 健康轻食季#超开胃的凉拌茄子,kaka是天秤座超级无敌美少女,6.7万,2091
#珍选捞汁 健康轻食季#夏日开胃菜，凉拌柠檬鸡爪,张小厨厨房,10.3万,4642
#珍选捞汁 健康轻食季#柠檬手撕鸡,辰辰妈dg,10.6万,4729
#珍选捞汁 健康轻食季#柠檬手撕鸡,辰辰妈dg,10.6万,4729
海苔芝士面包条｜又香又软的咸口面包，早餐必备~,糕来运转蛋糕品牌方,8470,463
#珍选捞汁 健康轻食季#简单快手的拌豆腐皮,辰辰妈dg,8.7万,3947
#珍选捞汁 健康轻食季#捞汁豆干,yingling7,7.2万,2473
#向往的生活 就是外婆乡#红烧猪蹄,babyshun2016,9.6万,4327
懒人酱骨架,□лυЯ□,4418,125
#东古525掌勺节#西兰花虾仁,晓筱家,8.5万,3060
减脂低卡元气早餐蛋卷三明治，好吃健康,爱做饭的筱雅,6576,251
5分钟get减脂早餐低卡三明治Brunch,爱做饭的筱雅,1.1万,634
#向往的生活 就是外婆乡#挑食宝宝也爱吃的”香菇鸡腿肉焖饭“,婧家小厨,9.6万,4386
#珍选捞汁 健康轻食季#捞汁鹌鹑蛋,爱家爱娃爱美食,7.6万,4224
#珍选捞汁 健康轻食季#捞汁鹌鹑蛋,月影沙湫,8.6万,3593
#珍选捞汁 健康轻食季#捞汁苦瓜,小葵姥姥,9.0万,5458
#珍选捞汁 健康轻食季#凉拌面,石榴树2008,8.9万,4621
银耳羹,豆粉4841823432,8322,396
#向往的生活 就是外婆乡#香煎豆腐炖木耳,岁月静好310w,6.7万,2895
虾黄烧虾球,蓝色默默鱼,6780,502
#东古525掌勺节#番茄鸡蛋面,妞妞妈妈吖,6.3万,2382
#东古525掌勺节#咸鸭蛋拌豆腐,爱家爱娃爱美食,8.4万,3488
凉拌田七菜,好玩的鱼腥草很mini,1.2万,994
#确幸即“莓”好 让生活“蔓”下来#无糖无油蔓越莓燕麦贝果,懿依坊,7.9万,4326
#确幸即“莓”好 让生活“蔓”下来# 带果味的杂粮发糕，好吃,土豆丝卷饼,10.3万,6025
#珍选捞汁 健康轻食季#鲜掉眉毛的捞汁海鲜,和月香,6.4万,2387
#美国开心果快乐食光#三文鱼花开心食光,涓涓小溪长流水,8.1万,2693
#珍选捞汁 健康轻食季#青豆虾仁蛋羹,淮北慧子,5.7万,1737
#珍选捞汁 健康轻食季#捞汁炒饭,Unicorn宝贝,7.4万,2639
红烧小萝卜,悦儿（关毅）,6375,226
奶香面包,三人行2668,6.3万,2008
#珍选捞汁 健康轻食季#减脂放心吃的捞汁娃娃菜,吉米桑是喵星人,6.6万,2133
家庭版凉皮,绿茶很清新,1.3万,546
五花肉闷蔬菜,爱妃厨记,4508,128
#珍选捞汁 健康轻食季#捞汁土豆片|安利给所有减肥的姐妹们,不负筱食光,9.9万,3588
#珍选捞汁 健康轻食季#低脂低卡酸辣捞汁金针菇,阿冒冒原创美食,9.4万,3470
捞汁拌茄子,MuseFood,6.9万,2280
#珍选捞汁 健康轻食季#《捞汁彩椒南瓜苗》,悠然自得（yrzdwlq）,8.1万,2814
蔓越莓水果燕麦捞#确幸即“莓”好 让生活“蔓”下来#,紫鹦鹉,5.7万,1752
牛肉胡辣汤,吃霸谁敢娶,6070,201
#向往的生活 就是外婆乡#比炒肉片还好吃的～土豆炒芸豆,吴妈厨房,8.5万,3008
皮薄馅多的韭菜鸡蛋饺子&比肉还好吃！,不负筱食光,8.6万,2969
#珍选捞汁 健康轻食季#捞汁鸭胗,小小侠,7.4万,2471
黄瓜柠檬水,眉眉健康厨房,4.3万,1361
#东古525掌勺节#肉馅软饼,三人行2668,6.8万,2197
香菇肉包,豆果杰,5126,171
茴香苗素饺,媛来美食,8706,299
#珍选捞汁 健康轻食季#捞汁无骨鸡爪,不做纯粹吃货,8.5万,3026
#珍选捞汁 健康轻食季#捞汁土豆粉,瓶盖的日常,6.4万,2003
川味干锅土豆五花肉,北纬yhz,9.7万,3804
#向往的生活 就是外婆乡#红烧肉,北纬yhz,9.4万,3820
创意果味泡沫咖啡！,禹彤烘焙,1.8万,659
#确幸即“莓”好 让生活“蔓”下来# 蔓越莓大米面包,meggy跳舞的苹果,7.8万,2509
酱黄瓜,家花购,6.0万,453
糯米炒饭,不会做菜的菜菜,8279,197
#东古525掌勺节#蒲烧茄子,晓筱家,8.3万,2588
#确幸即“莓”好 让生活“蔓”下来#波兰种蔓越莓圈面包,孩妈美食,10.9万,3891
#向往的生活 就是外婆乡#红枣银耳羹,爱生活的糯米糍儿,9.6万,3122
轻食番茄汁肉沫奶酪面,C-克里斯汀,8198,212
红烧鸡腿,玫瑰的厨房,9998,312
『我爱面包机』牛奶咖啡面包,蜜斯Ann的厨房日记,3.0万,1206
轻食全午餐,C-克里斯汀,9976,295
#本周热榜#比肩巨某霸，汁水丰富香气浓郁简单易做的牛肉饼,包子墩儿,2.9万,174
蛤蜊爆炒洋葱,May的小食光,6414,124
油泼小青菜,臭屁雯她爸,1.2万,377
西瓜柠檬茶｜夏天续命就靠这一口！清凉解暑的宝藏茶！,kaoker烘焙日记,3.6万,779
#珍选捞汁 健康轻食季#自制捞汁小海鲜系列,魔女～柒柒,9.2万,2867
#忽而夏至 清凉一夏#白月光,天蝎座小菜姬,8.3万,2616
红丝绒蔓越莓面包#确幸即“莓”好 让生活“蔓”下来#,Sun_麦麦醬,9.0万,2961
炖豆角外地叫乱炖,阿里尔的神仙邻居,1.1万,225
荔枝放几天就不新鲜了，不如做成果冻，冰冰凉凉，好吃不上火,达人兔,3.4万,438
红烧肉,淡泊宁静lee,1.4万,413
夏日解馋点心，绿豆钵仔糕，清凉解暑，Q弹软糯有嚼劲~,洲星食品,7903,113
#珍选捞汁 健康轻食季#捞汁黄瓜,o神兜兜o,9.0万,2821
#忽而夏至 清凉一夏#宫爆鸡丁,大方的海蜇很齐全,7.0万,2024
麻辣鱼片,杰桑家常菜食堂,12.7万,900
夏日清凉冰面包,益点烘焙,1.2万,358
#忽而夏至 清凉一夏#自制黄桃酱,溜妈的美食试营业,8.7万,2751
橄榄能量棒,益点烘焙,1.1万,337
油焖大虾,淡泊宁静lee,1.4万,360
全麦干果欧包,益点烘焙,8205,196
梅干菜炒肉,lost七七,1.2万,418
#向往的生活 就是外婆乡#娃娃菜炒豆腐干,虫懒懒,12.1万,4360
#珍选捞汁 健康轻食季#鱼肉鲜美，做法简单，清蒸厄瓜多尔鲳鱼,八鲜过海,11.6万,4208
蔓越莓可可冰淇淋#确幸即“莓”好 让生活“蔓”下来#,归家小厨,11.4万,4011
#东古525掌勺节#聚会畅销美食-香煎酱香鱼柳,归家小厨,9.0万,2918
#确幸即“莓”好 让生活“蔓”下来#夏日必备｜双莓葡萄奶,归家小厨,8.9万,2885
#美国开心果快乐食光#熊猫玛德琳,爱美食的拉拉,10.6万,3703
葡萄多多冰茶,胖头喵的厨房,2.0万,777
蔓越莓甜羹,爱家爱娃爱美食,9.5万,3242
捞汁小海鲜,喜洋洋717,12.2万,4404
#向往的生活 就是外婆乡#马齿苋鸡蛋饼,爱家爱娃爱美食,10.3万,3556
#本周热榜#夏日少女心爆棚的草莓气泡水！,燕儿姐姐来了,2.6万,1084
#珍选捞汁 健康轻食季#酱油炒饭,大头芳芳,8.2万,2460
#珍选捞汁 健康轻食季#清晨减脂餐-捞汁蔬菜鸡蛋,胖乎乎的牛肉酱很翻滚,9.5万,3076
西米露奶冻【宝宝辅食】,宝宝辅食达人原创,2.8万,1121
卤面【宝宝辅食】,宝宝辅食达人原创,1.4万,464
#珍选捞汁 健康轻食季#捞汁金针菇蚬子肉,布丁豆丁妈,10.3万,3354
#珍选捞汁 健康轻食季#凉拌黄瓜,传承家的味道,8.1万,2500
卤面【宝宝辅食】,宝宝辅食达人原创,1.4万,464
#珍选捞汁 健康轻食季#捞汁金针菇蚬子肉,布丁豆丁妈,10.3万,3354
#珍选捞汁 健康轻食季#凉拌黄瓜,传承家的味道,8.1万,2500
#忽而夏至 清凉一夏#杨梅荔枝饮,王晓满,16.4万,3433
#本周热榜#烤肉搭配气泡水！夏日清爽好滋味！,燕儿姐姐来了,2.2万,792
电饭锅版淄博绿豆糕,豆粉400120,1.3万,409
#珍选捞汁 健康轻食季#捞汁减脂荞麦面,岁月静好315,9.6万,3148
杨梅雪糕,小施姐姐,3.1万,1365
#珍选捞汁 健康轻食季#番茄捞汁肥牛,HuMiL,12.4万,4375
【大黄米/黍子咸肉粽】,盈盈小筑2010,1.3万,393
裙带菜鱼丸汤,薯条沾腐乳,12.9万,4634
#珍选捞汁 健康轻食季#凉拌皮蛋豆腐,甜心_老爸,10.4万,3452
#珍选捞汁 健康轻食季#捞汁松花蛋豆腐,棒棒糖yummy,10.7万,3575
#确幸即“莓”好 让生活“蔓”下来#甜蜜八宝粥,薯条沾腐乳,8.9万,2818
#确幸即“莓”好 让生活“蔓”下来#蔓越莓馒头,薯条沾腐乳,10.1万,3253
夏日自制拌凉粉,with小千穗的三餐四季,1.3万,383
凉拌杏鲍菇胡萝卜,优雅地老去730,9226,270
山姆同款伯爵红茶瑞士卷,jacky0314,1.1万,357
#珍选捞汁 健康轻食季#捞汁鲜虾金针菇,优雅的长围巾,11.5万,3976
香辣蟹肉胡土豆,sure汪,1.6万,719
#珍选捞汁 健康轻食季#口味捞汁鸡爪,Sling0805,7.7万,2583
#确幸即“莓”好 让生活“蔓”下来#蔓越莓麻薯球,甜美风景sw,8.3万,3008
#忽而夏至 清凉一夏#牛肉丝炒茭白,罗小厨的菜,7.8万,2787
香油凉拌菠菜金针菇 - 原来菠菜也可以有这么神仙的吃法,💜子馨,1.8万,768
#珍选捞汁 健康轻食季#青豆虾仁蛋羹,淮北慧子,5.9万,1821
#珍选捞汁 健康轻食季#捞汁炒饭,Unicorn宝贝,7.7万,2716
红烧小萝卜,悦儿（关毅）,6376,226
奶香面包,三人行2668,6.6万,2101
#珍选捞汁 健康轻食季#减脂放心吃的捞汁娃娃菜,吉米桑是喵星人,6.9万,2227
家庭版凉皮,绿茶很清新,1.3万,546
五花肉闷蔬菜,爱妃厨记,4519,128
#珍选捞汁 健康轻食季#捞汁土豆片|安利给所有减肥的姐妹们,不负筱食光,10.2万,3702
#珍选捞汁 健康轻食季#低脂低卡酸辣捞汁金针菇,阿冒冒原创美食,9.8万,3583
捞汁拌茄子,MuseFood,7.2万,2370
#珍选捞汁 健康轻食季#《捞汁彩椒南瓜苗》,悠然自得（yrzdwlq）,8.5万,2927
蔓越莓水果燕麦捞#确幸即“莓”好 让生活“蔓”下来#,紫鹦鹉,6.0万,1837
牛肉胡辣汤,吃霸谁敢娶,6094,201
#向往的生活 就是外婆乡#比炒肉片还好吃的～土豆炒芸豆,吴妈厨房,8.9万,3119
皮薄馅多的韭菜鸡蛋饺子&比肉还好吃！,不负筱食光,9.0万,3091
#珍选捞汁 健康轻食季#捞汁鸭胗,小小侠,7.8万,2584
黄瓜柠檬水,眉眉健康厨房,4.3万,1361
#东古525掌勺节#肉馅软饼,三人行2668,7.1万,2301
香菇肉包,豆果杰,5126,171
茴香苗素饺,媛来美食,8709,299
#珍选捞汁 健康轻食季#捞汁无骨鸡爪,不做纯粹吃货,8.9万,3133
#珍选捞汁 健康轻食季#捞汁土豆粉,瓶盖的日常,6.7万,2084
川味干锅土豆五花肉,北纬yhz,10.0万,3920
#向往的生活 就是外婆乡#红烧肉,北纬yhz,9.7万,3918
川味干锅土豆五花肉,北纬yhz,10.0万,3920
#向往的生活 就是外婆乡#红烧肉,北纬yhz,9.7万,3918
轻食低盐版湘西外婆菜,C-克里斯汀,9178,452
轻食湘菜之擂茄子辣椒皮蛋,C-克里斯汀,1.0万,348
#向往的生活 就是外婆乡# 没有人不爱吃，饭菜一锅香,土豆丝卷饼,10.5万,3604
#珍选捞汁 健康轻食季#珍选捞芦笋,爱家爱娃爱美食,7.5万,2744
#确幸即“莓”好 让生活“蔓”下来#蔓越莓麻薯抹茶面包,甜美风景sw,9.7万,3556
香菇肉燥,橦橦宝贝,5546,223
自制豆腐脑,橦橦宝贝,7706,347
#向往的生活 就是外婆乡#蒸花卷,果妈私房菜,11.9万,3871
青瓜炒肉片,薯条沾腐乳,9.3万,3496
#珍选捞汁 健康轻食季#捞汁蘸猪心,爱家爱娃爱美食,10.8万,4484
#东古525掌勺节#海参蒸蛋,妖妖~,9.3万,3447
#向往的生活 就是外婆乡#快手、低脂的一餐,养怡小厨,8.7万,2882
三色椰蓉糯米卷,小枫糖的魔法森林,2.0万,1258
#东古525掌勺节#一碗炒面,爱家爱娃爱美食,9.2万,4036
#珍选捞汁 健康轻食季#捞汁日式皮蛋豆腐,👸爱琳美食日记🍷,7.4万,2404
紫薯千层蛋糕,安心小竺,3.4万,2204
酸辣柠香清蒸鱼,Marsally390,2.1万,1306
#珍选捞汁 健康轻食季#减脂捞汁金针菇,🧜🏻‍♀️CooperVV👑,8.3万,2711
#向往的生活 就是外婆乡#焖面,四葉草de微笑,6.5万,2138
#向往的生活 就是外婆乡#蒜蓉煮红苋菜,阳光之美食,6.1万,1879
桂花冰拿铁｜甜甜的夏天 有手就会,苏小莫™️,1.3万,531
这样做的莴笋拿肉都不换！！,张小厨厨房,8.5万,3095
6寸戚风蛋糕,luna1990,2.0万,602
#向往的生活 就是外婆乡#麻婆豆腐,豆粉草海,9.0万,3157
牛奶手撕吐司,guanminjing,1.1万,471
人人都要会的糯叽叽杂粮粘豆包,张鱼小肉丸,1.2万,575
#向往的生活 就是外婆乡#红烧肉,豆粉草海,11.1万,4805
#珍选捞汁 健康轻食季#捞汁鹌鹑蛋，鲜香美味又营养！,齐刘海超会吃,7.5万,2513
披萨简单易做,冯阿斯,6109,233
超软奶香吐司,坏坏的糖1991,6120,152
简单易煮的水煮肉片，下饭喔，食材15元一家子吃的好爽！,很会搞吃的,8934,369
#珍选捞汁 健康轻食季#山药粉皮拌黄瓜,水尝无华,9.2万,3617
红薯西米露（高压锅版）,家有小神兽,8327,410
#东古525掌勺节#酸辣蕨根粉,泣哥儿的厨房故事,9.2万,3663
捞汁溏心蛋,一根不想洗碗的胡萝卜🥕,3626,0
#忽而夏至 清凉一夏#消暑夏日的荔枝玫瑰鸡尾酒,紫绫罗,8.6万,3033
菠萝咕咾肉,薄荷糖_的味道,1.1万,450
百香柠檬茶,冯阿斯,1.1万,458
#忽而夏至 清凉一夏#红颜妃子笑,小鱼哥的私房,9.8万,3632
西红柿炖排骨汤，让女儿爱上吃饭。开造！,臭屁雯她爸,7683,320
#向往的生活 就是外婆乡#虾干西葫芦炒鸡蛋,babyshun2016,10.3万,4454
#向往的生活 就是外婆乡#剁辣椒凉拌苔菜,阳光之美食,8.2万,2587
油菜炒豆腐干,小西几美厨娘,1.5万,662
#珍选捞汁 健康轻食季#泡椒捞汁海带扣,草莓奶昔冰,8.3万,3222
#珍选捞汁 健康轻食季#捞汁凉粉,503飞啊,10.0万,4221
话梅排骨,斯威夫特曲曲,1.0万,510
爱吃麻薯的看过来,辣自由,1.2万,174
凉拌黄瓜花生米,不做纯粹吃货,2.1万,1140
#向往的生活 就是外婆乡#再不吃就要等一年/杨梅烧排骨,吴妈厨房,9.5万,4045
鲜美可口的美食【芹菜炒鱼饼】,你们的超级九九,1.6万,891
番茄鸡蛋面,luna1990,9924,711
#珍选捞汁 健康轻食季#捞汁生菜,桔子柠檬水,7.0万,2528
#东古525掌勺节#香菇肉沫豆腐,小小侠,8.8万,3057
家常版红烧鲈鱼,奶茶hpwy,8595,631
#珍选捞汁 健康轻食季#捞汁虾仁,小葵姥姥,10.2万,6083
夏天最简单的下午茶来啦【绿豆沙芋圆】,肆季美食,4.5万,1663
蔬菜厚饼,空心豆包,6116,176
粉丝鲫鱼汤,子言厨房,1.4万,1059
豆沙奶香一口酥,心清似水淡若云,1.5万,1239
麻婆豆腐快手版,阿里尔的神仙邻居,1.1万,673
夏天记得和【卤味】谈一场恋爱,肆季美食,2.3万,2345
巧克力厚松饼,空心豆包,5331,204
口蘑鸡丁炒西芹,JUJURAI,2.4万,2456
砂锅双拼,Candy喵小咪,9463,743
照片鸡腿饭,静若初荷,9736,677
#东古525掌勺节#酵辣银鳕鱼,阿紫郡主,11.1万,4717
#珍选捞汁 健康轻食季#低卡捞汁蛤蜊,喜洋洋717,10.7万,4594
奶茶味脆皮雪糕,希葩提娅,3.0万,2008
超香大米吐司（无麸质无蛋奶）,紫薯猫,1.1万,590
探索抹茶魅力，尝试抹茶巴巴露亚的独特风味！,宅家吃货JACKERLU,1.8万,1125
#珍选捞汁 健康轻食季#捞汁海带丝,家有小神兽,9.4万,3043
#珍选捞汁 健康轻食季#夏日减脂凉拌菜,钦家食记,10.4万,3999
捞汁贡菜,家有小神兽,8.1万,2761
黄白蛤三吃｜香辣黄白蛤,80后的私厨by楠木的木,2.5万,1668
东北特色锅包肉,透破风尘,1.4万,649
捞汁鹰爪虾,喜洋洋717,12.5万,5953
#珍选捞汁 健康轻食季#捞汁基围虾,霖的吃货铺,14.1万,5499
黄白蛤三吃｜蒜香黄白蛤,80后的私厨by楠木的木,2.6万,1989
#东古525掌勺节#红汤酸菜肉丝米线,心清似水淡若云,9.4万,4251
凉拌龙须菜,鱼家二菇凉,9.8万,3144
绿豆糕,sprouts,1.1万,258
黄白蛤三吃｜黄蛤蒸蛋,80后的私厨by楠木的木,3.4万,1444
麻婆豆腐,家庭木小厨,7250,115
肉松蛋糕,樱渃,6290,91
炝拌莲藕#忽而夏至 清凉一夏#,无毒罂粟,10.2万,3331
#向往的生活 就是外婆乡#干煸豆角,果妈私房菜,12.9万,4606
生巧奶冻,小晴晴超人,1.1万,228
#珍选捞汁 健康轻食季#捞汁凉皮,爱的颜色,9.3万,2863
包菜炒粉丝,小北の厨房记,9816,265
#向往的生活 就是外婆乡#云南小锅米线,就是好吃的味道,11.2万,3752
酸酸甜甜健脾消食陈皮话梅酱排骨,喵酱≧∇≦,1.1万,271
#向往的生活 就是外婆乡#不臭的臭豆腐,布丁豆丁妈,12.7万,4459
黄焖鸡,蕊蕊姥姥,4.1万,1780
#向往的生活 就是外婆乡#木耳炒肉片,就是好吃的味道,12.0万,4179
果蔬炒虾仁,西蘭,12.9万,4533
番茄炒鸡蛋,lost七七,1.3万,291
上班族的快手菜 | 蒜香娃娃菜,爱笑的垚垚妈,3.8万,1648
捞汁小龙虾,抹茶16,10.1万,3302
排骨苦瓜黄豆煲,何怼怼,1.3万,389
茉莉清香雪媚娘,春田花花的幸福生活,3.9万,1696
#确幸即“莓”好 让生活“蔓”下来#蔓越莓南瓜饼,波澜不惊828,10.0万,3152
蔓越莓欧包,波澜不惊828,8.7万,2672
芒果雪媚娘,幸运儀,9274,216
“蔓”烦恼汁,波澜不惊828,10.6万,3423
蒜蓉粉丝蒸娃娃菜,爱新觉罗_金金,2.2万,705
#向往的生活 就是外婆乡#西葫芦蒸蛋,虫懒懒,10.2万,3426
#确幸即“莓”好 让生活“蔓”下来#超柔软蔓越莓坚果面包,lrene安妮洁,13.1万,4672
#忽而夏至 清凉一夏#东南亚风情菠萝凤梨藕片 酸甜开胃,大麦～^_^的人间烟火,10.6万,3380
淡奶油吐司，无黄油版本，质地轻盈又韧性拉丝，散发着浓郁奶香。,宅家吃货JACKERLU,3.3万,1368
泰式捞汁小海鲜,周🌟🌟,6182,120
凉拌杏鲍菇,亲亲猪和皮皮虾,1.2万,323
家常芹菜炒肉,大麦～^_^的人间烟火,9955,237
凉拌苋菜,水尝无华,11.6万,3844
蔓越莓冰棍#确幸即“莓”好 让生活“蔓”下来#,Sun_麦麦醬,12.7万,4376
#确幸即“莓”好 让生活“蔓”下来#蔓越莓米布丁,o神兜兜o,10.1万,3184
#确幸即“莓”好 让生活“蔓”下来#2步get-蔓越莓多多,归家小厨,10.4万,3529
#东古525掌勺节#香辣鲍鱼片,阿紫郡主,13.7万,4861
#向往的生活 就是外婆乡#酸辣脆爽黄瓜凉拌藕丁,小葵姥姥,11.8万,4028
番茄海鲜烩饭,小碎念念,7938,202
超级下饭——家常爆炒土豆丝#东古525掌勺节#,水之眸,9.2万,2897
夏日饮品，蓝莓脏脏茉莉奶绿,HuMiL,3.3万,1459
#珍选捞汁 健康轻食季#鲜甜美味-捞汁小海鲜,布丁豆丁妈,13.0万,4546
#东古525掌勺节#酸甜马蹄,阿紫郡主,11.9万,4212
#确幸即“莓”好 让生活“蔓”下来#椰果杨梅蔓越莓百香果汁,瑗瑗baby,11.0万,3679
#东古525掌勺节#肉丝炒意面,薯条沾腐乳,10.7万,3558
#珍选捞汁 健康轻食季#捞汁双耳,薯条沾腐乳,12.6万,4427
#确幸即“莓”好 让生活“蔓”下来# 荔枝冰汤圆,水怜忧,13.6万,4781
葱椒辣肉芋菜花,sure汪,3.1万,1464
芝麻生抽虾,四叶草jkyc,4438,141
#珍选捞汁 健康轻食季#捞汁土豆,Unicorn宝贝,10.6万,3903
#珍选捞汁 健康轻食季#锡盟羊杂汤,大头芳芳,6.5万,1998
锡盟羊杂汤,大头芳芳,3544,98
#珍选捞汁 健康轻食季#捞汁秋葵,Maevis菠萝🍍,9.5万,3244
《捞汁香拌猪手》,悠然自得（yrzdwlq）,9.6万,3344
#向往的生活 就是外婆乡#仔姜鸭,就是好吃的味道,8.2万,2731
夏天来了减肥又解馋低脂蒜油蒸扇贝,美食美色亲子🥗食记🥗,7.3万,2293
捞汁青瓜凉粉,安心小竺,9.4万,3350
#向往的生活 就是外婆乡#豆干回锅肉,就是好吃的味道,11.2万,3836
低脂捞汁海鲜 #珍选捞汁 健康轻食季#,兰菊爱美食,6.8万,2115
#忽而夏至 清凉一夏#鲜嫩爽滑的酱汁鸡蛋豆腐,不负筱食光,10.9万,3993
酱油炒饭,农家老李,7955,318
『喷喷香』芋头焖饭,蜜斯Ann的厨房日记,2.0万,838
『喷喷香』芋头焖饭,蜜斯Ann的厨房日记,2.0万,838
#确幸即“莓”好 让生活“蔓”下来#蔓越莓山药茯苓糕,捷宝妈妈,9.8万,3614
醉糟鸭舌 - Q弹的肉质配上浓浓的酒糟香,💜子馨,1.8万,806
甜辣小龙虾香辣小龙虾巨简单巨好吃,小小辅食日记,2.6万,1137
#向往的生活 就是外婆乡#家乡味-东北大丰收,布丁豆丁妈,10.0万,3571
#确幸即“莓”好 让生活“蔓”下来#蔓越莓抹茶全麦贝果,捷宝妈妈,9.5万,3345
#珍选捞汁 健康轻食季#怎么吃都不怕胖的捞拌手撕杏鲍菇,不负筱食光,9.8万,3294
#珍选捞汁 健康轻食季#捞汁黄瓜拌凉皮,小小庆回国,8.7万,3071
#向往的生活 就是外婆乡#外婆味-蒜香炸鸡腿,布丁豆丁妈,8.4万,2840
#向往的生活 就是外婆乡#外婆味-脆炸乳鸽,布丁豆丁妈,11.0万,4669
#向往的生活 就是外婆乡#夏日开胃美食/橙汁拌茭白丝,吴妈厨房,11.1万,4580
轻食凉拌青瓜,鱼家二菇凉,8.4万,2705
木耳炒鸡蛋,小北の厨房记,1.1万,549
越喝越瘦的西柚汁,瑾瑜🐠,9080,427
虾仁滑蛋,Lena爱美食,9049,439
包粽子咯～～,小食郎,1.2万,497
#向往的生活 就是外婆乡#槐花炒鸡蛋,水尝无华,8.1万,2917
#美国开心果快乐食光#黄金鱼蛋炒苦瓜,阿lian吖,9.9万,3859
#向往的生活 就是外婆乡#广式麻婆豆腐,BOBO蒲公英的自由	创意料理组,10.3万,3119
咖喱鸡肉馅包子,密云纯爷们儿,1.6万,484
荔枝杨梅饮,繁花似锦秀,3.2万,342
反卷寿司,桃露曲奇饼,1.2万,625
#珍选捞汁 健康轻食季#捞汁蔬菜-豪华版减脂餐,爱的颜色,9.4万,3018
#东古525掌勺节#小阳人饮食~雪菜肉丝咸豆花,小飞侠❤️.,11.9万,4692
滇味酸辣时蔬馄饨,祝俨睿,6851,260
捞汁皮冻,白开水ly,9.5万,3344
猪蹄两吃,MeaLV,5.5万,313
#东古525掌勺节#虾姑烧花菜,阿紫郡主,10.3万,4362
葱爆羊肉,东味西厨,8677,244
孜然香拌面,野生小厨娘~,7671,346
肠粉蒸排骨,幸运儀,9589,0
蛋奶吐司,果妈私房菜,2.0万,1267
#珍选捞汁 健康轻食季#捞汁土豆丝,清韵的厨房,7.5万,2334
#东古525掌勺节#脆皮牛腩,阿紫郡主,11.7万,4626
大盘鸡,焙着乐,9.2万,3236
#美国开心果快乐食光#开心果食光快乐早餐,涓涓小溪长流水,10.2万,3366
火腿玉米炒青豆,爱吃的彬彬,5097,137
紫菜蛋花汤,爱吃的彬彬,4537,113
香辣小花甲,透破风尘,6864,197
#东古525掌勺节#快手四季豆,爱家爱娃爱美食,11.1万,4613
龙猫和挤挤小猪雪媚娘,小枫糖的魔法森林,2.2万,1341
#向往的生活 就是外婆乡#紫菜炒饭,BOBO蒲公英的自由	创意料理组,9.2万,2562
韭菜粉条包,豆果杰,1.0万,407
#忽而夏至 清凉一夏#洗澡泡菜,尹阿冬,8.3万,2636
梅菜扣肉,爱chi蜜蜂的花,1.7万,420
鲜嫩爽口的马蹄蒸肉饼，孩子巨爱吃,小米粒喂食记,11.4万,4244
免揉香蕉面包,Baby甜甜S,4.6万,475
#东古525掌勺节#玉米笋四神鸡汤，鲜香浓郁！,齐刘海超会吃,10.8万,3738
#向往的生活 就是外婆乡# 夏季多吃这菜 ，清热去火养胃肠,暮色影子,16.0万,5832
全麦三文鱼黄瓜吐司,橦橦宝贝,6912,285
蓝莓奶昔,橦橦宝贝,1.0万,538
酸豆角酸辣椒做法（免泡）,流氓兔30101,1.2万,593
#珍选捞汁 健康轻食季#红烧海虾,紫苏百合子子,9.5万,3288
#珍选捞汁 健康轻食季#捞汁木耳,小葵姥姥,13.1万,5980
#珍选捞汁 健康轻食季#捞汁果蔬鲜辣小龙虾,瑗瑗baby,13.3万,5853
#向往的生活 就是外婆乡#【麻婆豆腐】味道一点都不输饭店,畏惧水的杯子,10.2万,4004
#东古525掌勺节#洋葱炒牛肉,薯条沾腐乳,9.6万,3440
山药双色蒸糕,眉眉健康厨房,2.4万,2755
奥尔良烤鸡腿,念于惜挽起辞,5971,291
10块钱就可以拥有五星级酒店的开胃凉菜,小碎念念,4915,198
#确幸即“莓”好 让生活“蔓”下来#柠桔鲜果蔓越莓果汁,瑗瑗baby,8.3万,3531
#珍选捞汁 健康轻食季#捞汁杏鲍菇,薯条沾腐乳,9.4万,4173
#珍选捞汁 健康轻食季#减脂捞汁小海鲜,吴妈厨房,11.1万,5406
番茄土豆牛腩,三棵星星,1.1万,774
#东古525掌勺节#洋葱烤肉炒面,薯条沾腐乳,10.0万,4644
#忽而夏至 清凉一夏#时蔬鸡汤面,王晓满,12.8万,7047
#珍选捞汁 健康轻食季#凉拌凉粉,无我Jin,10.7万,3736
#向往的生活 就是外婆乡#竹笋炒熏腊肠,果妈私房菜,11.3万,4444
百吃不厌的家常菜,小蜗牛爱慢生活,9710,394
粉丝蒜蓉虾,柴火妞的厨房,1.3万,228
红酒樱桃酱,榴芒少爷,4.2万,2950
#东古525掌勺节#卤肉饭,晓筱家,8.4万,2612
#珍选捞汁 健康轻食季#捞汁秋葵,一念Uu,12.4万,5279
#珍选捞汁 健康轻食季#爽口解腻-捞汁什锦,布丁豆丁妈,12.9万,4233
轻食全午餐,C-克里斯汀,1.2万,717
#向往的生活 就是外婆乡#酸黄瓜炒牛肉,babyshun2016,12.9万,5986
香椿煎蛋,背对回忆,3.4万,2541
洋葱牛肉,家庭木小厨,9996,500
#珍选捞汁 健康轻食季#捞汁蛏子和大虾,简单到透明2013,10.5万,3637
#珍选捞汁 健康轻食季#捞汁黄瓜,柚哥,11.1万,3903
减脂主食甜点二合一-坚果红薯团子,C-克里斯汀,8654,394
#珍选捞汁 健康轻食季#拯救夏日胃口的麻辣鸡丝凉面,紫绫罗,13.8万,6393
手捶老盐黄皮,流氓兔30101,7311,363
#东古525掌勺节#腐竹焖牛肉～,南风微醺,10.3万,3511
糖醋排骨,胖胖❤️吃肉,8573,558
鲍鱼汁烧 拌芥蓝 白灼芥蓝 炒芥蓝,大麦～^_^的人间烟火,1.2万,385
夏日火爆的【捞汁小海鲜】,你们的超级九九,11.5万,3842
#向往的生活 就是外婆乡#本帮红烧肉,天蝎座小菜姬,11.8万,4180
#向往的生活 就是外婆乡#可乐鸡翅,悠悠小厨Z,11.9万,4037
香辣小龙虾,ヾ(＾。^*)蛋黄酥,1.3万,413
凉拌茄子,美姐姐的小资生活,6.6万,1062
土豆泥沙拉,芹小厨,9277,268
芹菜香菇饺子,不会做菜的菜菜,9787,284
炎炎夏日最爱的鸡丝凉面来啦,SAPBEAR,9.4万,0
#向往的生活 就是外婆乡#糖醋排骨,水尝无华,10.1万,3176
#珍选捞汁 健康轻食季#捞汁牛肉,朦胧的洛神花gmlc,9.6万,3000
烤箱版虎皮青椒,小鸡脚漏出小黑子了,1.4万,456
珍选捞汁马齿苋,爱家爱娃爱美食,9.4万,2999
夏日清凉可口必备菜——丝瓜口蘑,lost七七,3.6万,274
#东古525掌勺节#鲜肉粽子,喜洋洋717,12.1万,3987
无锡排骨,Angellww,1.2万,407
#向往的生活 就是外婆乡#凉拌黄瓜  配上外婆乡菜籽油绝绝子,快乐每一天lxku,11.6万,4010
#珍选捞汁 健康轻食季#捞汁豌豆凉粉,Red_衡妈,9.5万,2822
#珍选捞汁 健康轻食季#捞汁鲜菌菇,文旦柚,8.6万,2609
韭菜烧猪血,LVIVI雯,1.4万,421
酸辣开胃，夏日解腻！柠檬手撕鸡腿,喵酱≧∇≦,1.2万,133
“杨梅吐气”吐司,榴芒少爷,3.9万,1685
小猪盖被,蕊蕊妈妈123,1.3万,360
可食阳台：凉拌番薯藤,小琼郑的美食频道,2.9万,1241
蔓越莓糯米糕#确幸即“莓”好 让生活“蔓”下来#,Sun_麦麦醬,13.0万,4455
全网独一份彩虹慕斯冰粽端午必学‼️,吃货椰椰,2.6万,1016
牛肉肉夹馍,幸运儀,1.3万,392
花蛤鲜虾粉丝煲,乖乖女乔,1.1万,341
#确幸即“莓”好 让生活“蔓”下来#蔓越莓牛油果司康,归家小厨,11.3万,3654
大热天 快来干一杯杨梅荔枝妃子饮,文子的美食每刻,1.6万,561
有嚼劲儿的小面包———玫瑰酒酿贝果,独来独往的喵,1.1万,359
brunch牛油果吐司,conconkoo,1.1万,357
#向往的生活 就是外婆乡#【家里的味道】减脂清爽的蒜蓉空心菜,美食美色亲子🥗食记🥗,12.8万,4376
鲫鱼豆腐汤,小小吃～货,9547,187
油炸花生米,极光爱北极,1.0万,235
#珍选捞汁 健康轻食季#珍选蜂窝豆腐,爱家爱娃爱美食,12.9万,4482
#忽而夏至 清凉一夏#一碗凉面正当时,阿冒冒原创美食,11.1万,2897
#向往的生活 就是外婆乡#排骨豇豆大包子,虫懒懒,12.2万,4193
入口一级嫩！肉沫山药抱蛋！#忽而夏至 清凉一夏#,归家小厨,14.6万,4285
#东古525掌勺节#酱香浓郁-酱烤土豆鸡翅,归家小厨,12.9万,4348
好看好吃的焦香鸡蛋灌饼,Angellww,1.2万,338
炸酱面,乐思小厨,11.7万,3772
#向往的生活 就是外婆乡#香辣虾,一笑＆而过,12.4万,4322
#确幸即“莓”好 让生活“蔓”下来#蔓越莓奶油法棍,dinaking,12.4万,4204
#确幸即“莓”好 让生活“蔓”下来#蔓越莓芝士法棍,dinaking,13.8万,4799
#珍选捞汁 健康轻食季#滑嫩爽口捞汁皮蛋豆腐,阿冒冒原创美食,12.1万,4052
#珍选捞汁 健康轻食季#捞汁海带菠菜,美食家&名厨,9.2万,2740
轻食低热早餐牛油果美式松饼,C-克里斯汀,8717,217
#向往的生活 就是外婆乡#超详细家庭版十三香小龙虾,陌上花开txwc,15.1万,5284
#忽而夏至 清凉一夏#香卤鸡翅根,罗小厨的菜,13.7万,4744
小龙虾方便面,新仔吃不胖,1.2万,373
虾仁炒西兰花,大方的海蜇很齐全,8835,145
香辣开胃的炝拌豆腐皮海带丝,清雅小厨,2.7万,1046
#东古525掌勺节#花开富贵莲藕蒸肉,小葵姥姥,12.5万,4383
#向往的生活 就是外婆乡#凉拌豇豆,蜜蜂食坊,14.5万,5047
【米粉肉】,盈盈小筑2010,1.7万,582
油焖虾,风大了很,3.0万,1251
夏日捞汁海鲜㊙️,以前的胖子，现在的瘦子,11.0万,3675
美味羊排豆角焖面,小糊涂仙eons,1.1万,320
#珍选捞汁 健康轻食季#夏日开胃菜·捞汁小海鲜（家庭版）,kaka是天秤座超级无敌美少女,11.6万,3702
茄茄肉酱豆花粉,sure汪,2.6万,1141
蒜香紫苏小龙虾,渔渔仙投食记,8.1万,2496
#美国开心果快乐食光#双皮奶,水怜忧,9.0万,2154
#珍选捞汁 健康轻食季#捞汁魔芋鹌鹑蛋,优雅的长围巾,9.9万,3275
拌川面条,尛氵兹尛樂,7707,197
#美国开心果快乐食光#开心果燕麦酸奶杯,北童食记,8.3万,2602
#忽而夏至 清凉一夏#低脂低卡！！香菇菜心,不负筱食光,10.9万,3731
好喝到哭！一周不重样6款豆浆合集！,蟹蟹日常美食,1.9万,838
巨好吃、巨下饭的秘制五香牛腩 家常菜,花甜果橙,2.4万,394
开心果碎酸奶#美国开心果快乐食光#,我要做个吃货,8.2万,2591
#珍选捞汁 健康轻食季#捞汁素什锦,白开水ly,9.4万,3195
可可蔓越莓曲奇#确幸即“莓”好 让生活“蔓”下来#,蝴蝶的小厨娘,7.8万,2416
抹茶蔓越莓奶酥小面包#确幸即“莓”好 让生活“蔓”下来#,蝴蝶的小厨娘,7.9万,2425
白玉豇豆,一念Uu,9.0万,2921
#珍选捞汁 健康轻食季#《捞汁小章鱼》,悠然自得（yrzdwlq）,12.7万,4671
#忽而夏至 清凉一夏#丝瓜煎蛋汤,薯条沾腐乳,8.1万,2564
#向往的生活 就是外婆乡#蒜末炒豇豆,babyshun2016,12.5万,4493
爆炒花蛤,我家有个小媛宝,1.0万,366
孩子超爱的奶香蔓越莓馒头#确幸即“莓”好 让生活“蔓”下来#,蝴蝶的小厨娘,7.4万,2258
秋葵燕麦蒸蛋羹,辽南蟹,13.4万,7340
#珍选捞汁 健康轻食季#豆角烩菜,大头芳芳,9.8万,3163
#向往的生活 就是外婆乡#菜籽油煎红绸鱼,北纬yhz,13.0万,5264
#美国开心果快乐食光#开心山药酥,花样厨娘-钱包RitaQ,9.8万,3493
秋葵燕麦蒸蛋羹,辽南蟹,13.4万,7340
#珍选捞汁 健康轻食季#豆角烩菜,大头芳芳,9.8万,3163
#向往的生活 就是外婆乡#菜籽油煎红绸鱼,北纬yhz,13.0万,5267
#美国开心果快乐食光#开心山药酥,花样厨娘-钱包RitaQ,9.8万,3493
开心果小面包,薯条沾腐乳,11.1万,4680
柠檬红茶,眉眉健康厨房,3.4万,1547
#美国开心果快乐食光#开心果酸奶水果捞,有很多梦想的武妖精,9.7万,3164
#珍选捞汁 健康轻食季#海蜇青瓜捞汁,阿紫郡主,10.9万,4015
#珍选捞汁 健康轻食季#捞汁毛豆,莹欣,11.4万,3627
#向往的生活 就是外婆乡#东北一锅出→小猪盖被,倒立的猫猫,10.6万,3514
滑蛋虾仁,勤快懒妈,3.0万,1818
水煮鱼片,海棠嘉子,1.2万,531
#忽而夏至 清凉一夏#青虾仁炒荷兰豆,JUJURAI,11.1万,3919
#美国开心果快乐食光#香蕉开心果蛋糕,有很多梦想的武妖精,10.0万,3203
#珍选捞汁 健康轻食季#苦苣虾仁沙拉——减脂餐,六月的快乐,10.8万,3710
#确幸即“莓”好 让生活“蔓”下来#梅长苏_蔓越莓苏打冰饮,羽翙的贪吃小厨房,11.1万,4342
高级感！超健康！巨简单！不开火！盐渍三文鱼一口到北欧！,任芸丽,3.1万,1934
捞汁生蚝,李依冉01,12.1万,4552
#向往的生活 就是外婆乡#【水煮鱼】香辣过瘾 好吃的一塌糊涂,畏惧水的杯子,11.8万,4458
#珍选捞汁 健康轻食季#苦苣鸡蛋沙拉——减脂餐,六月的快乐,8.6万,2704
轻食洋蓟配蓝纹芝士,C-克里斯汀,6257,268
#珍选捞汁 健康轻食季#捞汁香菇青菜,JUJURAI,9.4万,3505
#珍选捞汁 健康轻食季#凉拌金针菇,萌猫🐱,11.2万,3839
#珍选捞汁 健康轻食季#菠菜虾仁——中式减脂,六月的快乐,9.0万,2975
#珍选捞汁 健康轻食季#黄瓜鲜虾鸡蛋沙拉——减脂餐,六月的快乐,9.5万,3176
#忽而夏至 清凉一夏#韭菜肉馅生煎包,简单love1236,8.7万,2788
营养早餐 ——菌菇肉酱面,妞妞仔仔多多,18.1万,1.1万
儿童营养美食-宝宝版杂蔬烩鸡肉串,海燕的厨房,18.1万,1.0万
酸辣粉,画贝贝,3.7万,2249
#向往的生活 就是外婆乡#番茄土豆炖牛腩,就是好吃的味道,14.5万,4337
儿童蔬菜瘦肉粥,安宝的虎妈,16.9万,9408
#珍选捞汁 健康轻食季#捞汁凉拌紫甘蓝,小葵姥姥,13.6万,5547
#珍选捞汁 健康轻食季#懒人快手捞汁柠檬虾,小枫糖的魔法森林,12.1万,4611
宝宝版清蒸鲈鱼片,爱新觉罗_金金,14.4万,9299
蛋黄菠菜卷,小菁同学,17.1万,1.1万
#珍选捞汁 健康轻食季#捞汁时蔬双拼,斯落雯亚,8.5万,2594
盛唐味道的荔枝酒,多余的意大利面很金黄金黄,9862,314
西蓝花虾球,潼年食光,17.4万,1.0万
#本周热榜#墨鱼排骨汤,妖妖~,4.0万,2604
#珍选捞汁 健康轻食季#吃不胖凉拌-魔芋结,小星星star,9.4万,2777
#珍选捞汁 健康轻食季#海鲜捞汁大荟萃,爱的颜色,9.2万,3033
消暑开胃的青豆炒鸭柳,九九味,2.4万,1535
捞汁快手餐,April_xy,5378,183
小肉龙,东味西厨,8849,374
#珍选捞汁 健康轻食季#捞汁黄瓜,萌猫🐱,13.7万,3922
爆炒鸡丁,石头啊啊啊,1.2万,530
#东古525掌勺节#玉米笋炒时蔬，给夏天来点鲜脆！,齐刘海超会吃,10.2万,3215
肉沫葱香鸡蛋软饼——营养美味早餐#美国开心果快乐食光#,水之眸,9.1万,2833
山药蒸黄金欧洲猪肉块,享味欧洲猪肉,8321,355
#忽而夏至 清凉一夏#糯叽叽的糯米糍，谁不爱,默妮酱,11.5万,3800
#珍选捞汁 健康轻食季#捞汁沙拉夏日救命菜,零度甜品,12.4万,4923
还原广式茶楼的特色点心，小米红豆马蹄糕，软糯香甜，营养美味,洲星食品,1.2万,554
轻食沙拉,白墨pxud,5804,166
柠檬手撕鸡腿肉,lost七七,9.7万,927
牛奶炖银耳花胶,秋乎,1.2万,660
#确幸即“莓”好 让生活“蔓”下来#芒果蔓越莓冰淇淋,dinaking,12.4万,5372
#珍选捞汁 健康轻食季#简易版捞汁拌面,你的副官,8.5万,2764
水果酸奶捞,月月的妈5,7359,326
熊猫冰汤圆,醉色红颜,8535,683
#珍选捞汁 健康轻食季#捞汁沙拉,牛妈美食厨房,13.8万,4819
#美国开心果快乐食光#紫甘蓝炒意面,薯条沾腐乳,12.0万,4629
蔬菜鸡蛋饼【宝宝辅食】,宝宝辅食达人原创,3.1万,3503
#珍选捞汁 健康轻食季#捞汁杂蔬,蟹蟹❤️厨房,11.4万,3798
#忽而夏至 清凉一夏#5分钟清爽快手菜-呛拌圆生菜,孩妈美食,11.5万,5329
【巧克力三明治曲奇】,沈麦麦,6924,522
#向往的生活 就是外婆乡#虾米炒韭菜,丽珍の优雅煮食,11.4万,5416
#珍选捞汁 健康轻食季#捞汁低卡凉拌时蔬，家人都夸好吃,小米粒喂食记,12.9万,6474
#珍选捞汁 健康轻食季#夏天来了O脂肪的凉菜捞汁青瓜拌花生,美食美色亲子🥗食记🥗,11.1万,5398
️这玩意儿我能吃一辈子！有手就会做系列,千岛源茶油,22.7万,1704
一口一个的南瓜小蛋糕｜无油无奶无水配方,蔡蔡的烘焙小日子,1.8万,1532
#向往的生活 就是外婆乡#韭菜煎蛋,丽珍の优雅煮食,12.5万,5387
美味不翻车 抹茶蔓越莓吐司,艾蜜,2.6万,1660
豉油鸡#鸡#电饭锅煮鸡#孩子不爱吃饭做这个,很会搞吃的,8928,392
#珍选捞汁 健康轻食季#山药黄瓜条,嘉日辰,11.1万,3781
#珍选捞汁 健康轻食季#巨掉秤的低卡捞拌酸辣豆角,不负筱食光,14.6万,6038
#珍选捞汁 健康轻食季#捞汁海带丝,丽珍の优雅煮食,11.5万,4767
#珍选捞汁 健康轻食季#捞汁小海鲜,Idun我爱玫瑰,13.2万,5186
#向往的生活 就是外婆乡#家常糯米烧麦,怪味熙,12.4万,5431
秘制葱香鸡腿,鑫妈觅食记,10.4万,3291
黑椒牛肉意面 | 有手就会的西式简餐,品利厨房,9767,516
#忽而夏至 清凉一夏#葱花鸡蛋饼,木瓜甜甜,12.5万,4106
捞汁茭白,安心小竺,11.5万,4760
#减一点更好#快炒虾仁,麦兜兜的小小宇宙,1.1万,664
#忽而夏至 清凉一夏#真正有虾的虾片,快乐天使乐乐妈,11.2万,3683
#向往的生活 就是外婆乡#油面筋塞肉,枭笑,12.3万,4825
#向往的生活 就是外婆乡#荷叶糯米鸡,年轻的心hxez,14.4万,6159
#珍选捞汁 健康轻食季#荷包蛋捞面,JUJURAI,12.9万,5329
#美国开心果快乐食光#开心果杂蔬沙拉,薯条沾腐乳,10.4万,3613
特色脆皮猪大肠,透破风尘,1.3万,721
金枕海绵蛋糕，外观金黄色，整体松软有弹性，口感柔软细腻。,宅家吃货JACKERLU,3.6万,2529
虾仁烧豆腐,晓筱家,10.8万,3581
汤鲜味美，海带鸡蛋汤,北纬yhz,11.7万,4426
鸡丝凉面旱碱麦版,青677,9021,495
爆浆布丁吐司+水牛奶@蜜桃爱营养师私厨,蜜桃爱营养师私厨,1.2万,885
#珍选捞汁 健康轻食季#爽口补水凉拌娃娃菜,紫绫罗,13.5万,4705
#忽而夏至 清凉一夏#夏日清蒸鱼,涓涓小溪长流水,9.8万,2719
#忽而夏至 清凉一夏#海蜇拌黄瓜,太太乐鲜味厨房,12.1万,3909
无水无油电饭煲焖鸡,美食妃英理,1.6万,493
馥郁杨梅荔枝饮,天蝎座小菜姬,15.0万,4869
苦瓜绿豆骨头汤,□лυЯ□,6974,146
#确幸即“莓”好 让生活“蔓”下来#冰爽解腻蔓越莓气泡水,张小厨厨房,11.5万,3873
#美国开心果快乐食光#金汤开心果西葫芦面,丽珍の优雅煮食,10.6万,3323
#夏日吃货嘉年华#西班牙炒蛋,NANA的美食工坊,5.8万,2316
#珍选捞汁 健康轻食季#捞汁小海鲜版本2.0,鱼家二菇凉,10.5万,3158
韭菜鸡蛋饼,Pingco,1.0万,290
减脂全午餐,C-克里斯汀,6851,151
家常炒面,营养师蓝冰滢,4.4万,1749
夏天了，做个好吃的椰香提子果冻吧,达人兔,2.0万,412
#夏日吃货嘉年华#鱼香茄子,爱生活的糯米糍儿,3.5万,1059
酒楼特色烤鱼,透破风尘,7419,118
#美国开心果快乐食光#开心果拿铁,甜美风景sw,11.2万,3592
四季豆炒肉丝,林乡6196572983,1.1万,218
茴子白洋葱肉包字,aslimmer’sdiet,1.4万,372
#珍选捞汁 健康轻食季#捞汁海带结豆腐魔芋鸭血,瑗瑗baby,12.7万,4208
#珍选捞汁 健康轻食季#清淡美味拌凉粉,辰辰妈dg,13.0万,4355
#向往的生活 就是外婆乡#特色名小吃炒焖子,怪味熙,11.1万,3489
烙饼,aslimmer’sdiet,1.1万,281
金银蒜蓉粉丝虾+香辣爆炒蛤蜊,imCc_v5,24.9万,1.5万
#向往的生活 就是外婆乡#家乡味-土豆烧豆腐,布丁豆丁妈,11.7万,3746
彩椒炒牛肚#东古525掌勺节#,减肥路太长,9.7万,2928
蔬菜三文鱼沙拉,橦橦宝贝,6623,133
#美国开心果快乐食光#开心果豆沙网纹面包,平安果hcda,13.3万,4590
#东古525掌勺节#黄焖鸡(正宗做法),余小西的四季三餐,21.2万,4572
海鲜锅边,嘉薇,6750,146
柠檬鸡爪,lost七七,4.8万,375
佛跳墙-凯度蒸烤箱,凯度蒸烤箱食谱,7187,165
#美国开心果快乐食光#,食a色,14.0万,4773
洋葱炒五花肉,大方的海蜇很齐全,1.0万,275
金山胚芽羊角,益点烘焙,8295,211
#向往的生活 就是外婆乡#香煎加拿大大比目鱼排,八鲜过海,13.7万,4610
#向往的生活 就是外婆乡#全麦青椒鸡蛋素饺,怪味熙,10.4万,3210
咖啡蔓越莓贝果,心清似水淡若云,14.8万,5026
金山胚芽芝士条,益点烘焙,9273,270
金山胚芽坚果巧克力,益点烘焙,1.2万,382
门钉肉饼,东味西厨,7243,135
#珍选捞汁 健康轻食季#减脂餐,周食日记,14.9万,4885
农家小炒肉,绿pegk,14.7万,4897
天津拌面必备 糖醋面筋丝,80后的私厨by楠木的木,1.3万,455
#确幸即“莓”好 让生活“蔓”下来#美白抗衰-花青素炸弹,归家小厨,14.8万,4769
津味肉丁炸酱面,80后的私厨by楠木的木,2.9万,1161
#珍选捞汁 健康轻食季#捞汁米凉粉,阿冒冒原创美食,13.0万,4375
山药肉末蒸蛋【宝宝辅食】,宝宝辅食达人原创,2.3万,903
#向往的生活 就是外婆乡#麻酱拌茄条,虫懒懒,12.3万,4028
低热量版英式早午餐EggsBenedict,C-克里斯汀,6639,127
低热量版英式早午餐EggsBenedict,C-克里斯汀,6639,127
#忽而夏至 清凉一夏#六款好喝又营养的奶昔,小熙不洗碗,20.7万,5478
#珍选捞汁 健康轻食季#珍选清爽凉拌菜,糖小田yuan,15.4万,5360
#向往的生活 就是外婆乡#茴香鸡蛋素盒子,小葵姥姥,13.0万,4397
#珍选捞汁 健康轻食季#,wonderful爱早餐,13.6万,4490
#夏日吃货嘉年华#美味鸡米花自己在家做，外酥里嫩。,阿冒冒原创美食,3.8万,1298
#忽而夏至 清凉一夏#四款夏日小甜品,小熙不洗碗,14.4万,4448
#东古525掌勺节#腐竹拌耳子,豆粉草海,14.9万,5115
捞汁鹌鹑蛋,岁月静好315,9930,303
东北版鱼香肉丝炒面,小食天,6203,114
#美国开心果快乐食光#开心果闪电泡芙,北童食记,13.0万,4210
#东古525掌勺节#,摄影师的小厨房,9.3万,2712
#美国开心果快乐食光#蛋烤牛油果——不一样的营养美味早餐,水之眸,9.4万,2758
#珍选捞汁 健康轻食季#捞汁菠菜小黄蘑,布丁豆丁妈,13.3万,4453
【豆渣丹贝】,盈盈小筑2010,2.4万,1011
绿豆沙牛乳,玫瑰的厨房,6663,115
香辣孜然豆皮,海棠嘉子,9377,261
蒜辣豆酱南瓜鸡,sure汪,2.4万,1111
#美国开心果快乐食光#开心果香菜三明治,Unicorn宝贝,9.8万,3326
#珍选捞汁 健康轻食季#葱姜香辣圣子王 简单好吃,sunshine_白雪,7.9万,2433
#珍选捞汁 健康轻食季#减脂好搭档，捞汁黄瓜海蜇丝,吉米桑是喵星人,9.5万,3035
#向往的生活 就是外婆乡#日常早餐,养怡小厨,10.5万,3449
家庭版酸菜鱼,马马虎虎的脱脂奶粉很严格,9138,290
#珍选捞汁 健康轻食季#油焖豆角,大头芳芳,9.6万,3059
#美国开心果快乐食光#开心果酱,墨语言绯,8.0万,2439
#美国开心果快乐食光#传说中的“鬼口水”！清爽版,燕儿姐姐来了,9.4万,3150
#夏日吃货嘉年华#夏天就适合吃酸酸辣辣的的菜，超级开胃！,静香爱下厨和追剧,4.7万,1751
#美国开心果快乐食光# 开心果大米粉面包,meggy跳舞的苹果,11.6万,3881
#忽而夏至 清凉一夏#水果裸蛋糕,简单love1236,8.6万,2677
#美国开心果快乐食光#夏日快乐奶香草莓冰沙,日食作妖记,11.5万,3970
#忽而夏至 清凉一夏#夏日饮品蜂蜜柠檬茶,简单love1236,9.8万,3166
#确幸即“莓”好 让生活“蔓”下来#蔓越莓干藕粉餐,紫砂贝壳,9.1万,2917
夏天来了0脂肪的捞汁金针菇拌青笋,美食美色亲子🥗食记🥗,8.5万,2707
#美国开心果快乐食光#香瓜酸奶捞,日食作妖记,9.8万,3274
#美国开心果快乐食光#藕粉坚果餐,紫砂贝壳,8.4万,2570
荷兰豆木耳炒山药,美姐姐的小资生活,2.7万,1639
大颗果粒樱桃果酱,卡卡美食日记,6484,206
#珍选捞汁 健康轻食季#虾球,宝宝包包抱抱饱饱,10.9万,3723
#东古525掌勺节#炝拌芹菜叶,简单到透明2013,10.6万,3490
#珍选捞汁 健康轻食季#健康减脂餐,逍遥一下,10.2万,3319
#珍选捞汁 健康轻食季# 捞汁鲈鱼,polaris滴食记,13.4万,5151
#珍选捞汁 健康轻食季#《陈醋捞汁酱菜》,悠然自得（yrzdwlq）,10.7万,4256
#珍选捞汁 健康轻食季#捞汁蒜蓉蒸金针菇,牙医的烦恼,12.0万,3896
#忽而夏至 清凉一夏#清新低脂超爽口——蒸芹菜叶,姬厨娘,11.3万,3738
#美国开心果快乐食光#开心果双重巧克力巴斯克,四毛家的小窝,10.5万,3847
#美国开心果快乐食光#开心果南瓜挞,四毛家的小窝,12.7万,4770
#美国开心果快乐食光#开心果鸡蛋醪糟,四毛家的小窝,11.6万,4580
#美国开心果快乐食光#开心果南瓜巴斯克,四毛家的小窝,12.9万,5293
#珍选捞汁 健康轻食季#夏日开胃捞汁海鲜,天真b1ue,10.4万,3496
芋圆绿豆沙,眉眉健康厨房,7.4万,2409
#确幸即“莓”好 让生活“蔓”下来#蔓越莓冰粉益生菌酸奶,阿萍的日食记,10.0万,3317
浇汁豆腐,新仔吃不胖,3.8万,357
#东古525掌勺节#为高考学子们加油的小龙虾,郑可20,11.9万,3947
#夏日吃货嘉年华#自己在家做好吃的——老北京炸酱面,姬厨娘,4.0万,1275
#珍选捞汁 健康轻食季#捞汁花螺,阿萍的日食记,11.1万,3695
#珍选捞汁 健康轻食季#夏日拌鸡丝,一念Uu,11.8万,4534
#珍选捞汁 健康轻食季#简单易做的减脂美食/西兰花虾仁捞汁,吴妈厨房,9.6万,3442
自制开心牛油果奶昔,燕儿姐姐来了,13.0万,4615
#忽而夏至 清凉一夏#小阳人可以吃的~青菜鸡肉粥,小飞侠❤️.,12.2万,4775
#美国开心果快乐食光#开心果好运食光,涓涓小溪长流水,11.2万,3698
家常版西红柿炒鸡蛋,奶茶hpwy,1.1万,464
#珍选捞汁 健康轻食季#夏日开胃小菜金针菇,天真b1ue,12.0万,4088
#东古525掌勺节#炸鸡柳,小黛老师的厨房,9.1万,2866
#珍选捞汁 健康轻食季#爽口莴笋花,希希菇凉,10.7万,3595
#确幸即“莓”好 让生活“蔓”下来#蔓越莓山药糕,爱家爱娃爱美食,15.3万,6384
#珍选捞汁 健康轻食季#捞汁鸡腿,优雅的长围巾,12.5万,4707
#东古525掌勺节#酱爆鸡丁,墨语言绯,10.2万,3296
麻婆豆腐——一勺秒变川菜大师,li**ka,2.5万,1484
#珍选捞汁 健康轻食季#捞汁巴梢,清韵的厨房,10.3万,3457
#忽而夏至 清凉一夏#秘制肥牛豆腐煲,鑫妈觅食记,12.3万,3907
#向往的生活 就是外婆乡#芥菜盐齑豆瓣汤,爱家爱娃爱美食,11.2万,3946
甜甜美美的【玉米筒骨汤】,肆季美食,1.7万,933
#东古525掌勺节#肉沫酸菜米粉～,南风微醺,13.2万,5280
#向往的生活 就是外婆乡#酸辣莲藕尖,年轻的心hxez,11.4万,4672
#东古525掌勺节#香菇蒸滑鸡,天蝎座小菜姬,11.7万,4164
#向往的生活 就是外婆乡#桂花蜜汁红烧肉,零度甜品,10.7万,3845
#确幸即“莓”好 让生活“蔓”下来#蔓越莓西瓜冰沙,薯条沾腐乳,12.0万,5085
家常鲜食#蒜香蚝油鸡翅 |祝考生展翅高飞,太太乐鲜味厨房,7429,221
#珍选捞汁 健康轻食季#捞汁生菜,罗小厨的菜,15.2万,6218
云贵川的灵魂【凉拌鱼腥草】,肆季美食,1.9万,1148
#珍选捞汁 健康轻食季#捞拌三丝,小葵姥姥,11.4万,4267
#珍选捞汁 健康轻食季#夏日鲜爽素食捞汁,瑗瑗baby,11.5万,4423
老少皆宜的滑嫩【鸡蛋抱豆腐】,肆季美食,6.9万,2985
苦瓜干炒肉,水尝无华,13.6万,5524
喷香的【梅干菜黄金蛋炒饭】,肆季美食,3.9万,2702
臻鲜·枣香红枣鸡翅,臻鲜,6170,263
三鲜菌菇汤,小不点的Diy,1.0万,539
青椒皮蛋,溪又西,7699,344
牛肉沙拉,东味西厨,6377,201
#向往的生活 就是外婆乡# 早餐吃它比包子简单，比油条健康,大海微澜,14.3万,5161
#美国开心果快乐食光#开心果火龙果银耳杯,丽珍の优雅煮食,11.9万,4297
#东古525掌勺节#时蔬炒鸡丁,晓筱家,9.1万,2774
#忽而夏至 清凉一夏#解暑夏日的正气生津藿香饮,紫绫罗,11.9万,4559
轻食凉拌空心菜,鱼家二菇凉,12.8万,4530
#珍选捞汁 健康轻食季#捞汁麻酱什锦小菜,smile6902,12.4万,4053
#珍选捞汁 健康轻食季#低卡到不用计算卡路里的捞汁西葫芦,不负筱食光,11.7万,6446
#美国开心果快乐食光#儿童开心果杯子蛋糕,丽珍の优雅煮食,12.7万,6776
#珍选捞汁 健康轻食季#捞汁黄瓜油条,一切随缘zzh,11.5万,6216
#忽而夏至 清凉一夏#彩色雪媚娘,乐思小厨,8.7万,2642
没胃口的夏天就来一碗【咖喱牛肉饭】,你们的超级九九,3.4万,3491
#向往的生活 就是外婆乡#味噌素什锦,妖妖~,10.8万,5227
#美国开心果快乐食光#开心快乐-五花肉开心果,布丁豆丁妈,12.1万,4947
二哈狗子冰淇淋,小枫糖的魔法森林,2.9万,3244
#本周热榜#《南乳炸酥肉》,悠然自得（yrzdwlq）,2.1万,2221
新疆砂糖饼干，金黄酥脆，回味无穷，有着独特的醇香口感。,宅家吃货JACKERLU,1.5万,1486
37秒让你学会赞不绝口的【拍黄瓜】,你们的超级九九,5.7万,2933
臭豆腐烧毛豆子,厉小厨,9931,771
#东古525掌勺节#金榜题名/金蒜牛肉粒,喜洋洋717,13.9万,6361
快手美味海鲜坚果披萨（蛋挞皮版）,水之眸,10.6万,3292
饺子可不是北方独有的【香菇猪肉饺子 】,你们的超级九九,2.1万,2055
牛肉芹菜饺子,lin悠然11,3.2万,2102
#珍选捞汁 健康轻食季#捞汁拌茄子,JUJURAI,12.1万,4624
#珍选捞汁 健康轻食季#夏天的味道/捞汁手撕鸡,吴妈厨房,12.4万,4971
#美国开心果快乐食光#开心果然最重要-开心南瓜饼,布丁豆丁妈,11.8万,4758
寻找臭味相投的小伙伴【卤大肠】,你们的超级九九,2.5万,1601
#夏日吃货嘉年华# 谷物思慕雪,火镀红叶,4.4万,1371
鸡丝凉面,营养师蓝冰滢,4.5万,2868
肥而不腻梅菜扣肉,青木本尊,4724,108
#忽而夏至 清凉一夏#黑蒜番茄拌意大利面,火镀红叶,9.9万,3074
#向往的生活 就是外婆乡#三丝鸡蛋饼,枭笑,12.5万,4871
杨梅荔枝蛋糕,榴芒少爷,2.8万,1930
#美国开心果快乐食光#开心果意面,薯条沾腐乳,13.7万,4926
#珍选捞汁 健康轻食季#捞汁鹌鹑蛋,花好月圆128,11.6万,4310
#美国开心果快乐食光#午后的休闲时光,花好月圆128,14.7万,5706
免油炸狼牙土豆,美食妃英理,5.3万,3010
芒果酸奶杯,花好月圆128,15.9万,6769
#忽而夏至 清凉一夏# 杨梅冰粉,火镀红叶,11.3万,3645
减脂番茄汁鸡胸肉丸,C-克里斯汀,1.2万,705
#向往的生活 就是外婆乡#丝瓜烩油条,虫懒懒,14.9万,6366
#美国开心果快乐食光#米其林甜品—开心果米糊，又称“鬼口水”,蓝洛凌,10.6万,4197
#向往的生活 就是外婆乡#考生家长必学菜谱/鸡蛋豆腐炖贝柱,吴妈厨房,14.1万,6513
#忽而夏至 清凉一夏#夏日牛卷葱酱豆腐,涓涓小溪长流水,9.4万,3103
Sweet love-Pavlova 蛋白水果蛋糕,C-克里斯汀,9502,696
青瓜冰粉,安心小竺,2.5万,938
捞汁豆腐,小鱼哥的私房,12.6万,5988
炸萝卜丸子,小丽fyin,8850,227
#忽而夏至 清凉一夏#香辣开胃特下饭的红烧凉粉,不负筱食光,13.2万,4392
#夏日吃货嘉年华#香蕉蛋糕,爱美食的拉拉,5.4万,1740
蛋黄小饼干,霍_小小,9251,275
开心果抹茶奶香玛芬蛋糕,甜美风景sw,14.3万,4979
#珍选捞汁 健康轻食季#柠檬手撕鸡,零度甜品,12.9万,4434
#确幸即“莓”好 让生活“蔓”下来#蔓越莓牛奶糕,爱生活的糯米糍儿,12.8万,4146
#夏日吃货嘉年华#蔓越莓牛奶糕,爱生活的糯米糍儿,4.8万,1453
#夏日吃货嘉年华#下饭一绝| 青椒鸡腿菇炒肉片,shamojinlihua,7.0万,2446
腊肉炒饭,西沟小当家,1.0万,343
#忽而夏至 清凉一夏#皮蛋瘦肉粥,阿冒冒原创美食,14.2万,4760
牛肉乌冬面（附溏心蛋教程）,小琼郑的美食频道,2.1万,836
紫薯蔓越莓吐司,康乃馨的香,11.5万,3674
#美国开心果快乐食光#蔬菜坚果沙拉,薯条沾腐乳,11.4万,3655
#向往的生活 就是外婆乡# 清炖猪肉,暮色影子,11.8万,3789
#珍选捞汁 健康轻食季#低脂低卡五彩鸡丝凉面,懿依坊,11.1万,3456
辣炒鸭胗,stta小铭,1.6万,494
捞汁海鲜三拼,丹然美丽,13.0万,4189
糖醋小酥肉,小猪的一日三餐,3.4万,1411
素三鲜,大方的海蜇很齐全,1.4万,413
#夏日吃货嘉年华#冰冰甜甜的西瓜碎奶,包子墩儿,6.2万,1935
滑蛋虾仁……儿童老人必备菜谱,大麦～^_^的人间烟火,7.8万,471
#忽而夏至 清凉一夏#蔬菜三明治,想飞的鱼（薇·甜品）,13.1万,4183
#夏日吃货嘉年华#不用预拌粉的QQ弹弹红糖芝麻麻薯,包子墩儿,4.7万,1316
#确幸即“莓”好 让生活“蔓”下来#生巧蔓越莓巴斯克芝士蛋糕,chrisQ董小仙,14.2万,4699
重庆辣子鸡米线,心清似水淡若云,11.6万,3682
比路边摊还好吃的烤冷面#夏日吃货嘉年华#,沙小囡,8.0万,2889
#东古525掌勺节#时蔬蘸酱,喜洋洋717,14.8万,5042
巧克力冰淇淋,益点烘焙,1.2万,339
#美国开心果快乐食光#开心果奶酪贝果,蓝洛凌,11.1万,3531
家常清蒸东星斑~,冰心一壶,6597,141
#珍选捞汁 健康轻食季#捞汁双蛋,辰辰妈dg,13.7万,4585
#美国开心果快乐食光#隔夜燕麦杯,水怜忧,11.9万,3823
橙香生巧,益点烘焙,1.2万,288
家庭版三文治,幸运儀,8696,177
黑椒火腿贝果三明治,益点烘焙,8316,226
紫薯餐包,益点烘焙,1.2万,338
松软炼乳包,益点烘焙,7836,144
干炒饼子/饼丝,爆姣姣,1.1万,353
#东古525掌勺节#香煎大西洋红鱼片,八鲜过海,14.0万,4602
#美国开心果快乐食光#祛斑养颜-开心果银耳玉米汁,归家小厨,13.1万,4224
冰乳酪戚风蛋糕,益点烘焙,7102,160
芝麻酱拌莴苣,小糖果👗,9197,255
#忽而夏至 清凉一夏#专治夏日没胃口的辣炒魔芋,不负筱食光,14.2万,4819
#美国开心果快乐食光#佛卡夏面包（开心果1⃣️1⃣️）,薯条沾腐乳,11.9万,3763
#确幸即“莓”好 让生活“蔓”下来#夏日小甜品—蔓越莓奶冻,松鼠鱼77,13.4万,4427
粽子蛋糕,益点烘焙,5886,96
#美国开心果快乐食光#开心牛油果司康,归家小厨,15.2万,5196
香辣啤酒鸭《二》,刘双全,1.3万,416
#珍选捞汁 健康轻食季#捞汁轻食早餐,美女妮妮,11.4万,3516
#向往的生活 就是外婆乡#高山娃娃菜炒鸡蛋干,燕儿姐姐来了,13.5万,4446
非油炸快手馋嘴带鱼#向往的生活 就是外婆乡#,开心食记,15.1万,5067
菠菜蜜豆卷【宝宝辅食】,宝宝辅食达人原创,2.5万,934
开心果鸡蛋芝士披萨,安心小竺,13.9万,4765
#忽而夏至 清凉一夏#乌梅小番茄,王晓满,13.5万,4551
#确幸即“莓”好 让生活“蔓”下来#蔓越莓小餐包,shamojinlihua,14.5万,4849
#美国开心果快乐食光#早餐小食,桔子柠檬水,13.1万,4173
鸡蛋饼,熊猫胖哥9,5719,88
#美国开心果快乐食光#懒人版开心果核桃主食面包,钦家食记,13.7万,4534
豆豉肉沫鸡蛋炒饭,随心4589,1.2万,399
#东古525掌勺节#西红柿鸡蛋疙瘩汤,小葵姥姥,14.9万,4982
#东古525掌勺节#北美蒜香麦片虾,阿紫郡主,12.0万,3805
#美国开心果快乐食光#开心果然是王道-开心果夹心吐司,布丁豆丁妈,14.9万,4975
#珍选捞汁 健康轻食季#酸甜适口柠香捞汁芹菜,阿冒冒原创美食,12.1万,4003
#珍选捞汁 健康轻食季#干豆腐黄瓜丝,布丁豆丁妈,12.6万,4098
#东古525掌勺节#青椒炒鸡蛋,晓筱家,12.5万,3963
小猪盖被,语晴2009,1.1万,219
#珍选捞汁 健康轻食季#捞汁鲜鱿鱼㊙️,以前的胖子，现在的瘦子,14.3万,4952
原味咖喱牛肉的做法,瑞雪兆丰年💖💖,4.3万,1872
凉拌豇豆 #珍选捞汁 健康轻食季#,with小千穗的三餐四季,11.1万,3256
粉葛胡萝卜排骨薏米汤，健脾祛湿，很清甜好喝哦,颖子妖,7710,196
#东古525掌勺节#清蒸红鸡鱼㊙️,以前的胖子，现在的瘦子,13.0万,4392
#夏日吃货嘉年华#紫薯椰蓉小方，一口一个，追剧必备,阿冒冒原创美食,8.5万,3076
烤排骨,MeaLV,10.1万,583
#珍选捞汁 健康轻食季#捞汁鸡枞菌拌黄瓜花,👸爱琳美食日记🍷,9.1万,2878
肉酱粉条茄豆苗,sure汪,1.7万,739
芒种～享受当夏,GinnySun,6210,228
捞汁小豆腐#珍选捞汁 健康轻食季#,啊英小姐姐,9.6万,3069
凉面,永恒繁星,9057,166
清炖牛键子,B妈小厨,11.7万,3879
#珍选捞汁 健康轻食季#低脂低卡|Q弹爽滑超过瘾的捞汁凉粉,不负筱食光,12.5万,4345
#确幸即“莓”好 让生活“蔓”下来#蔓越莓炼乳手撕面包,dinaking,12.0万,4251
#夏日吃货嘉年华#不用吉利丁粉也能做夏日降暑西瓜冻,阿冒冒原创美食,7.5万,2701
#向往的生活 就是外婆乡#青椒炒脆皮烧猪,一笑＆而过,10.8万,3577
#向往的生活 就是外婆乡#时蔬牛肉炒饭,BOBO蒲公英的自由	创意料理组,11.0万,3587
蒸鸡蛋羹,娜娜烁烁妈,8892,232
#珍选捞汁 健康轻食季#肉勾鸡,大头芳芳,9.3万,2935
开心果碎烩生菜,小单单🉐日食记,8.8万,2805
涝汁蒜泥荷兰豆,🦀厨房烟火小围兜,5352,191
葱卷,小兔5乖,6805,265
#向往的生活 就是外婆乡#麻酱凉拌面,__Bobo__,12.1万,4329
#确幸即“莓”好 让生活“蔓”下来#蔓越莓气泡美式咖啡,鼹鼠的暖窝窝,12.3万,4441
#珍选捞汁 健康轻食季#五彩拉皮,*star丶时光,12.6万,4498
#珍选捞汁 健康轻食季#快手菜～捞汁皮蛋,薄雨维桐,8.1万,2486
#向往的生活 就是外婆乡#肉沫土豆丁,如果_smile,13.2万,4634
小熊巧克力冰淇淋,小枫糖的魔法森林,1.4万,568
鲜虾鸡爪煲,媛来美食,5332,95
南瓜鸡蛋炒饭,晓筱家,10.2万,3284
#珍选捞汁 健康轻食季#白灼芦笋,日食作妖记,12.5万,4429
#珍选捞汁 健康轻食季#青龙出海！（水煮豆角）,有很多梦想的武妖精,10.0万,3229
#珍选捞汁 健康轻食季#凉拌豇豆卷,一念Uu,12.8万,4522
杨梅荔枝饮,流氓兔30101,1.0万,407
#东古525掌勺节#中式料理--鳕鱼肉松饭团,阿紫郡主,13.4万,4772
#夏日吃货嘉年华#丝瓜鱼头汤丨清爽解暑,K一小灶,7.3万,2734
#珍选捞汁 健康轻食季#嫩滑爽口捞汁杏鲍菇,阿冒冒原创美食,10.8万,3600
意式咖啡坚果脆饼,钦家食记,12.5万,4458
#夏日吃货嘉年华#满载而归水果盘,K一小灶,7.7万,2783
#夏日吃货嘉年华#洛神玫瑰之恋,K一小灶,6.9万,2388
凉拌蒜泥荷兰豆#珍选捞汁 健康轻食季#,🦀厨房烟火小围兜,8.7万,2737
#夏日吃货嘉年华#蜂蜜柠檬水丨夏天白月光,K一小灶,8.3万,3100
#美国开心果快乐食光#粗粮夹心欧包,橙子1003,11.7万,3937
#夏日吃货嘉年华#椰林飘香鸡尾酒丨倍流行椰子桶❗️开启夏日趴,K一小灶,5.7万,1876
#夏日吃货嘉年华#薄荷气泡特调微熏冰饮丨拯救炎炎夏日‼️,K一小灶,6.7万,2287
#夏日吃货嘉年华#彩云之蓝气泡微熏丨浪漫一夏,K一小灶,7.5万,2803
#美国开心果快乐食光#双果奶昔,铧发妈,12.6万,4496
#夏日吃货嘉年华#闽南插蛏｜闽南酒席菜品丨一口一个，肥美‼️,K一小灶,5.9万,2002
#确幸即“莓”好 让生活“蔓”下来# 蔓越莓果冻酸奶杯,meggy跳舞的苹果,12.8万,4147
#东古525掌勺节#原汁原味的清汆丸子,简单love1236,11.1万,3600
#夏日吃货嘉年华#空气炸锅炸蒜蓉小龙虾,K一小灶,5.6万,1775
#夏日吃货嘉年华#爆好吃三鲜鸡翅焖锅丨电饭煲一锅端‼️,K一小灶,6.4万,2136
#珍选捞汁 健康轻食季# 捞汁鹌鹑蛋,polaris滴食记,13.1万,4870
绿豆凉糕,眉眉健康厨房,6.7万,2800
#珍选捞汁 健康轻食季#捞汁田螺,淮北慧子,8.5万,2570
#美国开心果快乐食光#坚果大欧包,橙子1003,12.8万,4404
香蕉核桃仁葡萄干麦芬（无泡打粉版）,安妮风之谷,1.1万,578
#夏日吃货嘉年华# 紫薯糯米糍粑,火镀红叶,5.3万,1596
炝拌黄瓜,勤快懒妈,3.0万,1841
无油捞汁，夏天一定要吃！酸辣爽口,厨房笔记-fang,14.7万,4809
#东古525掌勺节#网红美食小猪盖被,爱家爱娃爱美食,15.6万,5952
牛油果虾仁脆脆杯,婷婷elf,2.1万,1234
#确幸即“莓”好 让生活“蔓”下来#蔓越莓馥郁杨梅妃子饮,babyshun2016,15.2万,6187
#珍选捞汁 健康轻食季#牛奶木瓜,smile6902,10.9万,3336
#夏日吃货嘉年华# 芒果布丁,火镀红叶,7.2万,2458
#美国开心果快乐食光#开心果鸡蛋饼,薯条沾腐乳,11.6万,4596
#确幸即“莓”好 让生活“蔓”下来#蔓越莓椰挞,橙子1003,10.9万,3498
#确幸即“莓”好 让生活“蔓”下来#蔓越莓绿豆糕,o神兜兜o,9.7万,3018
南瓜滑嫩蒸蛋,李依冉01,15.5万,6284
凉拌韭菜,尛氵兹尛樂,9877,441
#珍选捞汁 健康轻食季#捞汁烤麸花生米,爱家爱娃爱美食,11.4万,3891
清凉夏日江米凉糕,月月的妈5,4.9万,639
蛋糕小贝,营养师红姐,6462,226
#向往的生活 就是外婆乡#红烧黄花鱼,零度甜品,12.0万,4666
狂炫夏天的【捞汁花螺】,你们的超级九九,2.9万,1231
香葱火腿纸杯蛋糕,小晴晴超人,8337,405
口水鸡,飘逸的小明猪,7244,121
#确幸即“莓”好 让生活“蔓”下来#蔓越莓麻薯包,dinaking,13.4万,5069
#珍选捞汁 健康轻食季#捞汁虾,璐宝小厨,10.3万,3296
#东古525掌勺节#排骨炖豆角,木瓜甜甜,9.4万,2866
巨软巨软duangduang的波兰种吐司,纯CC,7464,315
咸蛋黄叉烧,享味欧洲猪肉,6905,241
杨梅妃子饮,新仔吃不胖,9133,418
青椒炒牛肉,Pingco,1.7万,514
橙子烤鲈鱼 空气炸锅版,吃前一叮,1.2万,571
#本周热榜#冰糖葫芦（石花糕版）,甜心_老爸,1.8万,996
#珍选捞汁 健康轻食季#韭苔拌豆干,抹茶鱼豆腐小王子,12.4万,4246
无糖下午茶,C-克里斯汀,4700,115
定胜状元粽,米白厨房,3.0万,1900
#珍选捞汁 健康轻食季#捞汁花甲粉,草莓奶昔冰,12.5万,4673
酸酸甜甜，Q弹爽滑，百香果椰汁糕/千层马蹄糕,洲星食品,8121,300
超大星球杯 | 大人小孩都馋ta！童年回忆杀全在杯子里！,kaoker烘焙日记,3.6万,2557
#珍选捞汁 健康轻食季#捞汁鸡胗,Unicorn宝贝,10.6万,3669
#向往的生活 就是外婆乡#咸菜毛豆子,爱家爱娃爱美食,11.7万,4694
酸辣柠檬凉面，夏日清爽不怕胖 #珍选捞汁 健康轻食季#,秋食爱吃饭,11.4万,4591
老少皆宜的什锦彩色麻食,Angellww,5078,145
老黄瓜烧河虾,小不点的Diy,7370,315
#珍选捞汁 健康轻食季#捞汁铁板豆腐,嘉日辰,11.4万,3743
夏日捞汁小海鲜,鱼家二菇凉,10.6万,3403
豆角焖面,momo酱—,5134,132
#向往的生活 就是外婆乡#茄丁面～,私厨唐唐,12.9万,4294
#向往的生活 就是外婆乡#重庆辣子鸡,心清似水淡若云,15.6万,6423
迷你蛋包饭,拾味爸爸,2.5万,1769
#珍选捞汁 健康轻食季#捞汁毛豆,牙医的烦恼,11.1万,3623
#东古525掌勺节#土豆酱肉包,妖妖~,15.1万,4904
开心蛋挞,天蝎座小菜姬,15.0万,6180
#珍选捞汁 健康轻食季#10分钟开饭的爽口青菜抱腐竹,一五五微胖,13.5万,5416
#忽而夏至 清凉一夏#,aSheet0fCL0ud,12.4万,4240
感觉以前的荔枝都白吃了……,美食零食店铺,7.0万,2936
#珍选捞汁 健康轻食季#捞汁手撕蒜苔,小葵姥姥,15.7万,6595
#珍选捞汁 健康轻食季#,莫雨萱爱美食,9.7万,3052
#向往的生活 就是外婆乡#蚝油菌菇,辰辰妈dg,13.3万,5712
#向往的生活 就是外婆乡#青椒炒肉,辰辰妈dg,12.8万,4694
清爽木瓜沙拉#本周热榜#,龙卷风中的汗猫,1.7万,1130
馥郁杨梅荔枝妃子饮,80后的私厨by楠木的木,2.7万,1302
懒人的豪华大餐【大虾螺蛳粉】,你们的超级九九,3.9万,2850
#美国开心果快乐食光#快乐开心果甜虾拌菜,涓涓小溪长流水,10.9万,3604
#忽而夏至 清凉一夏#低糖绿豆糕,Mr.Brownie,13.3万,4345
#夏日吃货嘉年华#迷迭香油浸烤彩椒,懒懒DE小v,8.7万,4141
好吃下饭又下酒的【墨鱼干炒五花肉】,你们的超级九九,2.5万,2969
海鲜蔬菜粥,美食妃英理,2.6万,1790
热腾腾的 熏鸡粉丝汤,你们的超级九九,1.7万,988
平底锅就能搞定的抹茶松饼卷,安琪美食家,1.9万,1165
时蔬蒸饺-凯度蒸烤箱,凯度蒸烤箱食谱,7927,253
#夏日吃货嘉年华#抹茶奶酥红豆mini吐司,倒立的猫猫,7.9万,2674
方格慕斯,焙着乐,9.0万,4005
小鸡炖蘑菇(东北宴客菜) #东古525掌勺节#,余小西的四季三餐,12.1万,3848
快手美味#虾仁滑蛋|高考食谱,太太乐鲜味厨房,1.9万,570
泰式冰饮合集,茶苏苏烘焙日记,2.2万,322
#东古525掌勺节#豆豉蒸排骨,魔女～柒柒,12.2万,3623
#珍选捞汁 健康轻食季#捞汁毛豆,昊奕私厨,10.7万,3457
#珍选捞汁 健康轻食季#夏天来了解馋的0脂肪捞汁清蒸扇贝,美食美色亲子🥗食记🥗,15.5万,6306
#东古525掌勺节#双香咸汤圆,阿紫郡主,11.8万,4216
#珍选捞汁 健康轻食季#捞汁鸡排拉沙,JUJURAI,14.8万,6457
#珍选捞汁 健康轻食季#捞汁海鲜,Hxj0102,10.2万,3216
葱油#向往的生活 就是外婆乡#,无毒罂粟,11.3万,3680
在家复刻潮汕网红烤粿条,清清颜,7.5万,1988
超滑嫩的口蘑鸡胸肉,云朵妖精,5311,190
#美国开心果快乐食光#,荷碧1979,10.1万,3393
#珍选捞汁 健康轻食季#果仁菠菜捞汁拌,小小庆回国,12.7万,5101
#向往的生活 就是外婆乡# 芒种后多吃这菜，包饺子太香了,大海微澜,14.4万,5279
#确幸即“莓”好 让生活“蔓”下来#蔓越莓酸奶块,爱生活的糯米糍儿,13.3万,4274
西红柿这样剥皮真的绝了,舍得99,4.1万,1796
#东古525掌勺节#炒香干,薯条沾腐乳,13.1万,4413
#夏日吃货嘉年华#蔓越莓酸奶块,爱生活的糯米糍儿,7.6万,2368
番茄捞汁薯粉,呷饱饱,13.7万,4639
开心果可可曲奇,蓝洛凌,16.6万,5818
#珍选捞汁 健康轻食季#捞汁鲜虾玉米面。,LiLi有食间,12.3万,3852
#夏日吃货嘉年华#夏季易储存：香草磅蛋糕,No糯糯oN,8.0万,2583
#珍选捞汁 健康轻食季#捞汁金针菇柠檬凤爪,瑗瑗baby,13.3万,4499
#珍选捞汁 健康轻食季#捞汁鸡爪,o神兜兜o,10.1万,2992
#珍选捞汁 健康轻食季#捞汁花甲蛏子,漫时光😇,10.6万,3223
#珍选捞汁 健康轻食季#捞汁柠檬鱼片,零度甜品,13.3万,4303
#向往的生活 就是外婆乡#香辣鱿鱼圈,零度甜品,15.5万,5405
芝士茄汁通心粉,焙着乐,10.3万,3699
#确幸即“莓”好 让生活“蔓”下来#蔓越莓荔枝酸奶冻,莹欣,14.1万,4565
#美国开心果快乐食光#开心茉莉椰,天蝎座小菜姬,15.4万,5122
一人食︱简简单单的快手番茄烤肠意面,可可本可,1.9万,764
#东古525掌勺节#花开富贵,小葵姥姥,13.4万,4429
葱香小肉卷【宝宝辅食】,宝宝辅食达人原创,4.1万,1830
#珍选捞汁 健康轻食季#捞汁秋葵,王晓满,16.0万,5540
#向往的生活 就是外婆乡#黑牛肝菌烧五花,燕儿姐姐来了,12.9万,4182
熊猫麻薯,小枫糖的魔法森林,2.4万,1012
热压三明治,开心厨娘蛋蛋妈,2.7万,1151
#珍选捞汁 健康轻食季#捞汁花螺,舍得99,15.6万,5225
米饭厚蛋烧,果妈厨房记,9914,311
#珍选捞汁 健康轻食季#牛排沙拉,辰辰妈dg,15.9万,5472
#珍选捞汁 健康轻食季#巨简单的低卡捞汁，减脂杠杠的！,涵妞妞的憨憨麻,14.2万,4586
家庭普通版鱼香肉丝,生病的鸡翅根很唯唯诺诺,9178,261
#珍选捞汁 健康轻食季#,布丁豆丁妈,14.8万,5048
泰式汤做的菜,瑞雪兆丰年💖💖,7.9万,2610
#夏日吃货嘉年华#酒鬼花生,文龙妈,9.0万,3071
玉米胡瓜椒肉粒,sure汪,2.5万,1137
#珍选捞汁 健康轻食季#粉丝的神仙吃法|好吃到销魂的捞汁粉丝,不负筱食光,10.9万,3636
#东古525掌勺节#吃一次都不过瘾的的鲜肉水煎包,简单love1236,11.0万,3580
夏天没胃口怎么办？韩国拌饭拯救你的食欲！,小菁同学,2.0万,871
#夏日吃货嘉年华#芦笋炒虾球丨夏日一口时鲜,K一小灶,7.6万,2734
开心果烤鸡胗,Unicorn宝贝,14.0万,5016
冻干草莓雪花酥（巨详细版！）,寒风妈,7298,264
#夏日吃货嘉年华#芥末大虾,小鱼哥的私房,8.7万,3153
#东古525掌勺节#,豆粉厨娘dj萍姐,11.5万,3593
#珍选捞汁 健康轻食季#捞汁双拼～花蛤鲜虾小海鲜,Only扬扬,14.4万,5702
#夏日吃货嘉年华# 5分钟出锅超好吃的减脂主食！香菇照烧油饭,静香爱下厨和追剧,9.1万,3594
#向往的生活 就是外婆乡# 茄子这么做超简单，喷喷香孩子爱吃,大海微澜,13.8万,5495
#确幸即“莓”好 让生活“蔓”下来#消耗蛋白液的蔓越莓小饼干,婧家小厨,15.8万,6217
#向往的生活 就是外婆乡#香酥鸡块,cocoqybk,12.0万,3802
酸菜炒肉片～,南风微醺,12.6万,4700
#夏日吃货嘉年华#炼奶手撕包,焙着乐,10.6万,4677
香蕉糕,茶苏苏烘焙日记,1.4万,313
3款吐司迷你披萨,美食妃英理,8.2万,3122
捞汁海带苗,*star丶时光,15.2万,5705
#珍选捞汁 健康轻食季#好吃快手的捞汁西葫芦,月影沙湫,12.9万,5445
#东古525掌勺节#夏日清凉水凉粉,蜜蜂食坊,13.9万,5249
伯爵红茶奶酪蛋糕卷,COUSS探味研究室,4.3万,1868
炎热夏季，娃娃菜别再炒着吃了，快来跟我学着炝拌着吃更带劲,简爱美食屋,1.8万,666
酒楼特色水煮牛肉,透破风尘,1.3万,117
开心果水果捞,王木木要变瘦,14.2万,4583
零卡时蔬拌菜#珍选捞汁 健康轻食季#,美食C位,13.5万,4491
#向往的生活 就是外婆乡#香喷喷大盘鸡,零度甜品,12.2万,3807
#东古525掌勺节#蚝油生菜,喜洋洋717,20.4万,6028
#珍选捞汁 健康轻食季#干煸牛肉土豆,大头芳芳,12.6万,3994
#珍选捞汁 健康轻食季#柠檬无骨捞汁鸡爪,慌慌张张的虱目鱼很皱巴巴,13.0万,4131
老干妈炒饼,营养师蓝冰滢,3.6万,1581
轻食芦笋烤鳗鱼,C-克里斯汀,7748,145
虾仁焖粉丝,晓筱家,13.3万,4247
